"Name","Calls","TotalDurationNs","AverageNs","Percentage","MinNs","MaxNs","StdDev"
"KERNEL_DISPATCH",21,8679444,413306.857143,69.65,2720,2617385,584204.393385
"MEMORY_COPY",14,3782116,270151.142857,30.35,5280,1683416,547140.983883
