"Name","Calls","TotalDurationNs","AverageNs","Percentage","MinNs","MaxNs","StdDev"
"KERNEL_DISPATCH",21,8774441,417830.523810,70.20,2680,2650265,592974.814424
"MEMORY_COPY",14,3723914,265993.857143,29.80,5320,1576094,524547.304072
