"Name","Calls","TotalDurationNs","AverageNs","Percentage","MinNs","MaxNs","StdDev"
"KERNEL_DISPATCH",29,6595741,227439.344828,95.64,2480,2315183,474569.995600
"MEMORY_COPY",4,300882,75220.500000,4.36,5280,277362,134808.866873
