{
  "backend": "hip",
  "correctness": {
    "nan_or_inf_detected": false,
    "verified": true
  },
  "decode": {
    "embedding_step_ms": [
      1.152018,
      1.158838,
      1.1224480000000001,
      1.1807779999999999,
      1.130418,
      1.090497,
      1.1604880000000002,
      1.098677,
      1.095127,
      1.161558,
      1.097027,
      1.096897,
      1.102428,
      1.092267,
      1.109757,
      1.187668,
      2.536219,
      1.165388,
      1.0930469999999999,
      1.2123590000000002,
      1.104657,
      1.093627,
      1.162858,
      1.096797,
      1.166998,
      1.105567,
      1.1200780000000001,
      1.093517,
      1.130538,
      1.105097,
      1.1502979999999998
    ],
    "end_to_end_generated_tps": 4.417667187961427,
    "last_top_logits": [
      {
        "logit": 6.849997520446777,
        "token_id": 180678
      }
    ],
    "layer_step_ms": [
      [
        0.068591,
        0.039781,
        0.03864,
        0.039041,
        0.038381,
        0.0376,
        0.035641,
        0.0331
      ],
      [
        0.040371,
        0.029280999999999998,
        0.02832,
        0.02803,
        0.028170999999999998,
        0.02786,
        0.027811,
        0.02758
      ],
      [
        0.040701,
        0.02886,
        0.02898,
        0.028571000000000003,
        0.02804,
        0.028191,
        0.02798,
        0.027891000000000003
      ],
      [
        0.040441000000000005,
        0.029369999999999997,
        0.028611,
        0.0287,
        0.082272,
        0.02841,
        0.02785,
        0.027971
      ],
      [
        0.039069999999999994,
        0.028510999999999998,
        0.02875,
        0.027931,
        0.027639999999999998,
        0.027891000000000003,
        0.02768,
        0.02762
      ],
      [
        0.03846,
        0.028691,
        0.028059999999999998,
        0.028061000000000003,
        0.027639999999999998,
        0.02779,
        0.027761,
        0.02724
      ],
      [
        0.039851000000000004,
        0.02875,
        0.028211,
        0.027880000000000002,
        0.027811,
        0.02786,
        0.02769,
        0.027551000000000003
      ],
      [
        0.037731,
        0.02843,
        0.027981,
        0.028399999999999998,
        0.02769,
        0.027761,
        0.02777,
        0.059551
      ],
      [
        0.038081,
        0.06116100000000001,
        0.02827,
        0.028031,
        0.027630000000000002,
        0.0279,
        0.027651,
        0.027399999999999997
      ],
      [
        0.039799999999999995,
        0.028940999999999998,
        0.02792,
        0.028081000000000002,
        0.028249999999999997,
        0.027781,
        0.02749,
        0.027271
      ],
      [
        0.03824,
        0.028451,
        0.02826,
        0.028031,
        0.02762,
        0.027891000000000003,
        0.027630000000000002,
        0.0276
      ],
      [
        0.037870999999999995,
        0.02847,
        0.028541,
        0.02807,
        0.027911000000000002,
        0.060441,
        0.027780000000000003,
        0.02769
      ],
      [
        0.03879,
        0.028281,
        0.02807,
        0.0281,
        0.027641,
        0.0277,
        0.027491,
        0.027569999999999997
      ],
      [
        0.03783,
        0.028551,
        0.028229999999999998,
        0.028281,
        0.02786,
        0.027801,
        0.02767,
        0.02724
      ],
      [
        0.038911,
        0.02883,
        0.028131,
        0.029179999999999998,
        0.027830999999999998,
        0.0279,
        0.028351,
        0.061611000000000006
      ],
      [
        0.038421,
        0.02885,
        0.028331000000000002,
        0.02813,
        0.027781,
        0.02798,
        0.02765,
        0.027451
      ],
      [
        0.040471,
        0.02911,
        0.061411,
        0.028700999999999997,
        0.02794,
        0.028081000000000002,
        0.02775,
        0.030920000000000003
      ],
      [
        0.040021,
        0.02875,
        0.028000999999999998,
        0.027970000000000002,
        0.027540000000000002,
        0.028201,
        0.027469999999999998,
        0.027351
      ],
      [
        0.037861,
        0.02895,
        0.028340999999999998,
        0.028220000000000002,
        0.027791,
        0.02782,
        0.027551000000000003,
        0.027610000000000003
      ],
      [
        0.039401,
        0.02843,
        0.02828,
        0.027571000000000002,
        0.02741,
        0.027651,
        0.02766,
        0.027441
      ],
      [
        0.038221,
        0.02866,
        0.028151,
        0.0283,
        0.027651,
        0.02783,
        0.027621,
        0.027399999999999997
      ],
      [
        0.038090000000000006,
        0.028600999999999998,
        0.02819,
        0.061471,
        0.027901,
        0.02794,
        0.02793,
        0.027641
      ],
      [
        0.039029999999999995,
        0.029131,
        0.028220000000000002,
        0.027841,
        0.027610000000000003,
        0.027611,
        0.027379999999999998,
        0.027129999999999998
      ],
      [
        0.039401,
        0.02848,
        0.027991,
        0.027739999999999997,
        0.027621,
        0.027549999999999998,
        0.0275,
        0.027541
      ],
      [
        0.041381,
        0.02877,
        0.028260999999999998,
        0.028050000000000002,
        0.02759,
        0.028031,
        0.027290000000000002,
        0.027161
      ],
      [
        0.037731,
        0.02846,
        0.02818,
        0.027931,
        0.02786,
        0.027971,
        0.027739999999999997,
        0.027601
      ],
      [
        0.046060000000000004,
        0.030331,
        0.02993,
        0.030181,
        0.03024,
        0.030891,
        0.029750000000000002,
        0.029360999999999998
      ],
      [
        0.039511000000000004,
        0.02846,
        0.028151,
        0.028229999999999998,
        0.027661,
        0.027710000000000002,
        0.027771,
        0.02745
      ],
      [
        0.038931,
        0.028560000000000002,
        0.03069,
        0.030091,
        0.0276,
        0.027891000000000003,
        0.027739999999999997,
        0.028041
      ],
      [
        0.037881,
        0.02878,
        0.028600999999999998,
        0.028569999999999998,
        0.02807,
        0.027691,
        0.02794,
        0.027580999999999998
      ],
      [
        0.038201000000000006,
        0.02843,
        0.028201,
        0.02804,
        0.027780000000000003,
        0.028121,
        0.027889999999999998,
        0.027561
      ]
    ],
    "layers_step_ms": [
      8.863707999999999,
      8.819937,
      7.907022999999999,
      8.009415,
      8.069285,
      8.021504,
      8.044275,
      8.057375,
      8.091136,
      8.205767,
      8.064875,
      8.150247,
      8.146156,
      8.131635999999999,
      8.149477000000001,
      8.172937,
      8.238667999999999,
      8.173046999999999,
      8.198658,
      8.226048,
      8.196958,
      8.266907999999999,
      8.266928,
      8.236908,
      8.285369000000001,
      8.304559,
      8.288728,
      8.33922,
      8.320739000000001,
      8.319099,
      8.453301
    ],
    "lm_head_step_ms": [
      7.13512,
      7.087440000000001,
      7.040699,
      7.053969,
      7.05898,
      7.08625,
      7.07873,
      7.019419,
      7.08491,
      7.04798,
      7.036319,
      7.12133,
      7.07252,
      7.021559,
      7.017129000000001,
      7.0645,
      7.07414,
      7.046328999999999,
      7.053179,
      7.052468999999999,
      7.027488999999999,
      7.06565,
      7.021758999999999,
      7.065049999999999,
      7.026019,
      7.10227,
      7.0248289999999995,
      7.0479389999999995,
      7.06459,
      7.019718999999999,
      7.021689
    ],