{
  "backend": "hip",
  "correctness": {
    "nan_or_inf_detected": false,
    "verified": true
  },
  "decode": {
    "embedding_step_ms": [
      1.160321,
      1.101751,
      1.106351,
      1.10422,
      1.1000400000000001,
      1.09449,
      1.052559,
      1.09182,
      1.148841,
      1.0648700000000002,
      1.07299,
      1.0252189999999999,
      1.007379,
      1.053499,
      1.045029
    ],
    "end_to_end_generated_tps": 1.1998737592420046,
    "last_top_logits": [
      {
        "logit": 8.611000061035156,
        "token_id": 70182
      }
    ],
    "layer_step_ms": [
      [
        0.056771,
        0.040411,
        0.042251,
        19.69364,
        0.04983,
        0.045120999999999994,
        0.045850999999999996,
        19.728651,
        0.054151,
        0.0451,
        0.045031,
        19.801182,
        0.049341,
        0.042790999999999996,
        0.042261,
        19.709750000000003,
        0.051021,
        0.04317,
        0.044251,
        19.754741,
        0.049740999999999994,
        0.044371,
        0.047131,
        19.676439000000002,
        0.048581,
        0.042021,
        0.07970200000000001,
        19.670889,
        0.046401,
        0.039971,
        0.036860000000000004,
        19.68095
      ],
      [
        0.048221,
        0.03605,
        0.035861000000000004,
        19.751411,
        0.047811,
        0.040670000000000005,
        0.041381,
        19.762480999999998,
        0.048061,
        0.039581,
        0.041161,
        19.74437,
        0.044511,
        0.039331,
        0.038121,
        19.806962000000002,
        0.04571,
        0.037141,
        0.036741,
        19.766631,
        0.042991,
        0.03515,
        0.035451,
        20.074077,
        0.043351,
        0.037070000000000006,
        0.036671,
        19.668308999999997,
        0.042101,
        0.035651,
        0.034449999999999995,
        19.704530000000002
      ],
      [
        0.041581,
        0.03327,
        0.032151,
        19.723000000000003,
        0.045271,
        0.038141,
        0.03802,
        19.867673,
        0.045201000000000005,
        0.037261,
        0.03861,
        20.225489999999997,
        0.043301,
        0.038300999999999995,
        0.03771,
        20.138928,
        0.044771000000000005,
        0.037861,
        0.03692,
        20.135047999999998,
        0.043661,
        0.036071,
        0.0373,
        19.719971,
        0.045591,
        0.03882,
        0.038871,
        20.009626,
        0.04329,
        0.037491,
        0.034241,
        20.126997
      ],
      [
        0.04012,
        0.028571000000000003,
        0.02832,
        20.21425,
        0.041641000000000004,
        0.033859999999999994,
        0.035181000000000004,
        20.168367999999997,
        0.040231,
        0.033090999999999995,
        0.03359,
        20.2068,
        0.0401,
        0.03345,
        0.032961,
        20.186419,
        0.042971,
        0.03752,
        0.036241,
        20.214749,
        0.043931,
        0.036321,
        0.034501000000000004,
        20.127976999999998,
        0.047231,
        0.037381,
        0.037091,
        20.208469,
        0.045501,
        0.038489999999999996,
        0.034231,
        20.301261
      ],
      [
        0.044501,
        0.032431,
        0.03117,
        20.238599999999998,
        0.045321,
        0.037691,
        0.03905,
        20.355452,
        0.046091,
        0.037001,
        0.03769,
        20.23874,
        0.042971,
        0.042911000000000005,
        0.036581,
        20.176448,
        0.044091000000000005,
        0.036161,
        0.03603,
        20.266631,
        0.042370000000000005,
        0.034161,
        0.034700999999999996,
        20.317411,
        0.040711,
        0.03565,
        0.034061,
        20.310561,
        0.040441000000000005,
        0.03456,
        0.033061,
        20.267339999999997
      ],
      [
        0.042280000000000005,
        0.040071,
        0.030861000000000003,
        20.367762000000003,
        0.046071,
        0.038430000000000006,
        0.037620999999999995,
        20.271051,
        0.04591,
        0.037221000000000004,
        0.038890999999999995,
        20.307980999999998,
        0.042811,
        0.03715,
        0.037571,
        20.278431,
        0.04419,
        0.037781,
        0.038481,
        20.25915,
        0.042581,
        0.035750000000000004,
        0.036271,
        20.25234,
        0.042941,
        0.038951,
        0.03616,
        20.199558999999997,
        0.042880999999999996,
        0.036491,
        0.03239,
        20.21214
      ],
      [
        0.038821,
        0.027041000000000003,
        0.027039999999999998,
        20.294931,
        0.038731,
        0.03272,
        0.031201000000000003,
        20.356062,
        0.051171,
        0.03402,
        0.034261,
        20.372002000000002,
        0.043831,
        0.037611000000000006,
        0.035339999999999996,
        20.311722,
        0.04558,
        0.038291000000000006,
        0.055250999999999995,
        20.353022,
        0.044141,
        0.03715,
        0.036331,
        20.342751999999997,
        0.043101,
        0.03961,
        0.038091,
        20.299911,
        0.045391,
        0.03786,
        0.034741,
        20.348112
      ],
      [
        0.048390999999999997,
        0.03669,
        0.049131,
        20.438844,
        0.049541,
        0.04146,
        0.041220999999999994,
        20.277079999999998,
        0.046271,
        0.038831000000000004,
        0.073491,
        20.270211,
        0.043609999999999996,
        0.037261,
        0.037681,
        20.344241,
        0.04482100000000001,
        0.038441,
        0.040941,
        20.366582,
        0.046480999999999995,
        0.04069,
        0.038741,
        20.349272000000003,
        0.045931,
        0.03987,
        0.03791099999999999,
        20.524845,
        0.050161000000000004,
        0.040651,
        0.0391,
        20.363792
      ],
      [
        0.051331,
        0.038131,
        0.037620999999999995,
        20.408292000000003,
        0.051481,
        0.041161,
        0.045251,
        20.450583,
        0.048081000000000006,
        0.040731,
        0.039030999999999996,
        20.534395,
        0.045531,
        0.038861,
        0.03766,
        20.491865,
        0.04405,
        0.038260999999999996,
        0.037971,
        20.486753999999998,
        0.043311,
        0.036711,
        0.03698,
        20.193659,
        0.045621,
        0.037071,
        0.0348,
        20.343692,
        0.043111000000000003,
        0.03576,
        0.034761,
        20.476834
      ],
      [
        0.039461,
        0.02812,
        0.027781,
        20.546125,
        0.040431,
        0.032459999999999996,
        0.031691,
        20.469683999999997,
        0.039431,
        0.03311,
        0.031571,
        20.596556,
        0.040981,
        0.038811,
        0.03492,
        20.532875,
        0.042450999999999996,
        0.036151,
        0.03641,
        20.451494,
        0.041731,
        0.03338,
        0.034621,
        20.470254,
        0.042171,
        0.03726,
        0.034371,
        20.460444000000003,
        0.041831,
        0.03506,
        0.032861,
        20.504683999999997
      ],
      [
        0.04185,
        0.031751,
        0.031251,
        20.582976,
        0.04392,
        0.036721000000000004,
        0.036201000000000004,
        20.492494,
        0.040581000000000006,
        0.033151,
        0.033,
        20.576786,
        0.035141,
        0.02845,
        0.029081000000000003,
        20.472034,
        0.03743,
        0.029141,
        0.02896,
        20.448293999999997,
        0.035261,
        0.028059999999999998,
        0.029301,
        20.575256,
        0.03794,
        0.032051,
        0.02953,
        20.523184999999998,
