{
  "backend": "hip",
  "correctness": {
    "nan_or_inf_detected": false,
    "verified": true
  },
  "decode": {
    "embedding_step_ms": [
      1.257989,
      1.432403,
      1.4109019999999999,
      1.1988269999999999,
      1.1058649999999999,
      1.069765,
      1.0628739999999999
    ],
    "end_to_end_generated_tps": 0.5907506246620551,
    "last_top_logits": [
      {
        "logit": 9.850549697875977,
        "token_id": 24
      }
    ],
    "layer_step_ms": [
      [
        6.909499,
        6.888129,
        6.877558,
        6.158412,
        6.964371,
        6.923979,
        6.912599,
        6.123621,
        6.93382,
        6.915519,
        6.94695,
        5.943157,
        6.93104,
        6.935529,
        6.983911,
        5.960538,
        6.935249,
        7.015112,
        6.986091,
        5.998018,
        6.930179,
        6.93806,
        6.916748999999999,
        6.328116,
        6.9234789999999995,
        6.969741,
        6.899278,
        6.075419999999999,
        6.930429999999999,
        6.903669000000001,
        6.96492,
        5.916136
      ],
      [
        6.93165,
        6.933619,
        6.93943,
        5.939377,
        6.887458,
        6.896789,
        6.874198,
        6.018568999999999,
        6.97812,
        6.94066,
        6.92439,
        6.051269,
        6.882058,
        6.888008999999999,
        6.894249,
        6.297065,
        6.902448000000001,
        6.9013290000000005,
        6.896969,
        6.255334,
        6.876898000000001,
        6.93115,
        6.906518999999999,
        6.269234,
        6.889989,
        6.917619,
        6.863087999999999,
        5.893636,
        6.97783,
        6.9560200000000005,
        6.886829,
        6.403627
      ],
      [
        6.9194890000000004,
        6.901069000000001,
        6.94924,
        6.360667,
        6.900429,
        6.887658,
        6.883038999999999,
        6.051209,
        6.896579,
        6.851847,
        6.877849,
        6.317355,
        6.92451,
        6.8825780000000005,
        6.880418,
        6.434138,
        6.855148,
        6.94585,
        6.856788,
        6.056119000000001,
        6.881239,
        6.884218,
        6.967721,
        6.406837,
        6.900379,
        6.872458,
        6.92771,
        6.351236,
        6.916369,
        6.846138,
        6.881588,
        6.345366
      ],
      [
        6.920479,
        6.864548,
        6.839798,
        6.350676,
        6.861428,
        6.836387,
        6.900639,
        6.380447,
        6.8604579999999995,
        6.856728,
        6.882938,
        6.3319659999999995,
        6.898238999999999,
        6.9035590000000004,
        6.919799,
        6.314145,
        6.862107999999999,
        6.903769,
        6.869378,
        6.415428,
        6.855948,
        6.823207,
        6.903769,
        5.816324000000001,
        6.898979000000001,
        6.928679,
        6.851198,
        6.284383999999999,
        6.908189,
        6.829797999999999,
        6.909709,
        6.358555999999999
      ],
      [
        6.91291,
        6.869958,
        6.8693979999999994,
        6.312475,
        6.8137170000000005,
        6.900868999999999,
        6.851837000000001,
        6.356237,
        6.876178,
        6.8984689999999995,
        6.849547,
        6.318916,
        6.872978,
        6.785386,
        6.858218,
        6.327396,
        6.877938,
        6.95896,
        6.8856589999999995,
        6.397006999999999,
        6.883059,
        6.880028,
        6.880217999999999,
        6.312566,
        6.877308,
        6.846398,
        6.820777,
        6.344146,
        6.876848,
        6.834767,
        6.8157369999999995,
        6.400867
      ],
      [
        6.922019,
        6.8786689999999995,
        6.897468,
        6.399946999999999,
        6.8909590000000005,
        6.783116,
        6.896259,
        6.4247380000000005,
        6.877808,
        6.864718,
        6.834257,
        6.480339,
        6.833137000000001,
        6.800827,
        6.876278,
        6.411168,
        6.885358,
        6.867248,
        6.850208,
        6.421177,
        6.855728,
        7.102884,
        6.825377,
        6.400617,
        6.824897,
        6.865448,
        6.832527,
        6.430408,
        6.8248370000000005,
        6.894239,
        6.864768000000001,
        6.416917000000001
      ],
      [
        6.871468,
        6.817817000000001,
        6.897488999999999,
        6.412267,
        6.847438,
        6.851287999999999,
        7.169245,
        6.580301,
        6.9023390000000004,
        6.867728,
        6.905538999999999,
        6.485369,
        6.867478,
        6.862398,
        6.884048,
        6.4897100000000005,
        6.871518,
        6.8849480000000005,
        6.884949,
        6.5208200000000005,
        7.015231,
        6.936089,
        6.9195899999999995,
        6.648323,
        6.961250000000001,
        6.898869,
        6.9204490000000005,
        6.562701,
        6.900199,
        6.9670499999999995,
        6.98064,
        6.640423
      ]
    ],
    "layers_step_ms": [
      214.942179,
      215.008049,
      215.81492799999998,
      215.34314700000002,
      215.568262,
      216.235705,
      218.22731100000001
    ],
    "lm_head_step_ms": [
      7.3417889999999995,
      7.181486,
      7.144255,
      7.070293,
      7.086323,
      7.068053,
      7.198866
    ],
    "positions": [
      16,
      17,
      18,
      19,
      20,
      21,
      22
    ],
    "requested_generated_tokens": 8,
    "step_wall_ms": [
      223.543087,
      223.62332800000001,
      224.371225,
      223.61330700000002,
      223.76132,
      224.37452299999998,
      226.490041
    ],
    "timed_incremental_steps": 7,
    "timed_step_tps": 4.459232587565181,
    "wall_ms": 1569.7768310000001
  },
  "decode_mode": "hybrid_incremental_greedy",
  "device_index": 2,
  "device_name": "AMD Radeon Graphics",
  "device_total_global_mem": 34208743424,
  "final_sequence_len": 24,
  "generated_token_ids": [
    17,
    18,
    19,
    20,
    21,
    22,
    23,
    24
  ],
  "git_commit": "e6b065a9928f24a2051b4d3d27215034beafdd15",
  "hidden": 4096,
  "incremental_decode": true,
  "layer_kinds": [
    "linear_attention",
    "linear_attention",
    "linear_attention",
    "self_attention",
    "linear_attention",
    "linear_attention",
    "linear_attention",
    "self_attention",
    "linear_attention",
    "linear_attention",
    "linear_attention",
    "self_attention",
    "linear_attention",
    "linear_attention",
    "linear_attention",
    "self_attention",
    "linear_attention",
    "linear_attention",
    "linear_attention",
    "self_attention",
    "linear_attention",
    "linear_attention",
    "linear_attention",
    "self_attention",
    "linear_attention",
    "linear_attention",
    "linear_attention",
    "self_attention",
    "linear_attention",
    "linear_attention",
    "linear_attention",
    "self_attention"
  ],
  "layers": [
    0,
    1,
    2,
    3,
    4,
    5,
    6,
    7,
    8,
    9,
    10,
    11,
    12,
    13,
    14,
    15,
    16,
    17,
    18,
    19,
    20,
    21,
    22,
    23,
    24,
    25,
    26,
    27,
    28,
    29,
    30,
    31
  ],
  "lm_head_chunk_rows": 8192,
  "lm_head_runtime": {
    "dtype": "BF16",
    "hidden": 4096,
    "load_ms": 5799.599792,
    "matrix_bytes": 4068474880,
    "mode": "gpu_resident_f32",
    "shape": [
      248320,
      4096
    ],
    "tensor": "lm_head.weight",
    "vocab": 248320
  },
  "memory": {
    "block_size": 24,
    "cache_blocks": 1,
    "kv_cache_allocated_blocks": 8,
    "kv_cache_block_size": 24,
    "kv_cache_bytes": 1572864,
    "kv_cache_free_blocks": 0,
    "kv_cache_self_attn_layers": 8,
    "kv_cache_value_dtype": "f32",
    "vram_baseline_bytes": null,
    "vram_consumed_bytes": null,
    "vram_peak_bytes": null
  },