{
  "backend": "hip",
  "correctness": {
    "nan_or_inf_detected": false,
    "verified": true
  },
  "decode": {
    "embedding_step_ms": [
      1.456841,
      1.38433,
      1.387,
      1.342979,
      1.3884699999999999,
      1.38072,
      1.3377890000000001,
      1.230088,
      1.1329770000000001,
      1.130996,
      1.158047,
      1.139867,
      1.276199,
      1.477412,
      1.563842
    ],
    "end_to_end_generated_tps": 1.210364423269096,
    "last_top_logits": [
      {
        "logit": 8.611008644104004,
        "token_id": 70182
      }
    ],
    "layer_step_ms": [
      [
        5.822864,
        5.855754999999999,
        5.8238140000000005,
        3.45146,
        5.805623000000001,
        5.836365,
        5.890615,
        3.086134,
        5.845375,
        5.826984,
        5.821144,
        3.046424,
        5.866305,
        5.816184000000001,
        5.798424,
        3.151015,
        5.826764,
        5.919126,
        5.793804,
        3.202106,
        5.871925,
        5.852054,
        5.806754,
        3.1355250000000003,
        5.843115,
        5.847284,
        5.861415,
        3.041494,
        5.830743999999999,
        5.841474,
        5.833225,
        3.156485
      ],
      [
        5.8458939999999995,
        5.819704,
        5.879055,
        3.508641,
        5.825884,
        5.8457539999999995,
        5.800044,
        3.110505,
        5.902945,
        5.881175,
        5.807344,
        3.073285,
        5.832734,
        5.871555,
        5.828454000000001,
        3.274597,
        5.827344,
        5.822215000000001,
        5.807753,
        3.0704450000000003,
        5.894725,
        5.835014,
        5.835615,
        3.267237,
        5.812634,
        5.814574,
        5.906594999999999,
        3.181686,
        5.8429839999999995,
        5.843375,
        5.835834,
        3.0836650000000003
      ],
      [
        5.851004,
        5.856445,
        5.832044,
        3.505861,
        5.813334,
        5.847994,
        5.760034,
        3.2689369999999998,
        5.8217039999999995,
        5.789944,
        5.831504000000001,
        3.5528809999999997,
        5.804894,
        5.824984,
        5.829844,
        3.2938780000000003,
        5.843903999999999,
        5.844185,
        5.845264,
        3.517541,
        5.837684,
        5.834034999999999,
        5.835764,
        3.49409,
        5.864915,
        5.842094,
        5.8471850000000005,
        3.512981,
        5.910195,
        5.861454999999999,
        5.846444,
        3.3289880000000003
      ],
      [
        5.8711850000000005,
        5.840324,
        5.856025,
        3.565072,
        5.761363,
        5.804424,
        5.838514,
        3.678373,
        5.8797950000000005,
        5.7998140000000005,
        5.8013140000000005,
        3.555281,
        5.828314000000001,
        5.8175040000000005,
        5.843595,
        3.5356609999999997,
        5.815714,
        5.800453,
        5.817855000000001,
        3.624812,
        5.8326139999999995,
        5.873765000000001,
        5.834344,
        3.598872,
        5.814833999999999,
        5.870015,
        5.820974,
        3.405839,
        5.823125,
        5.867534,
        5.824744,
        3.3786189999999996
      ],
      [
        5.849394,
        5.804724,
        5.862365,
        3.613652,
        5.796944,
        5.905915,
        5.829324000000001,
        3.658073,
        5.858595,
        5.828184,
        5.8206940000000005,
        3.597412,
        5.874055,
        5.823874,
        5.745972999999999,
        3.597472,
        5.848284,
        5.797364,
        5.797554,
        3.594982,
        5.8445540000000005,
        5.802044,
        5.879885,
        3.592752,
        5.833813999999999,
        5.867615,
        5.821644,
        3.639313,
        5.772153,
        5.810714,
        5.883245,
        3.154406
      ],
      [
        5.8908249999999995,
        5.789634,
        5.784903,
        3.630973,
        5.856144,
        5.842665,
        5.895035,
        3.643103,
        5.850294,
        5.835433999999999,
        5.835845,
        3.651613,
        5.848654,
        5.787294,
        5.842754,
        3.656643,
        5.799994,
        5.848104,
        5.789054,
        3.628462,
        5.8037540000000005,
        5.810254,
        5.836294,
        3.632443,
        5.8703449999999995,
        5.812264,
        5.905945,
        3.640922,
        5.862555,
        5.836485,
        5.862944,
        3.635323
      ],
      [
        5.874765,
        5.829934,
        5.8905449999999995,
        3.746624,
        5.830585,
        5.798593,
        5.865835,
        3.699404,
        5.868694,
        5.796114,
        5.797214,
        3.717584,
        5.853944,
        5.815414,
        5.802924,
        3.727334,
        5.797143999999999,
        5.856704,
        5.784224,
        3.665333,
        5.842134,
        5.7998140000000005,
        5.842524,
        3.7462340000000003,
        5.849585,
        5.8080739999999995,
        5.816364,
        3.7685739999999996,
        5.780054,
        5.850664,
        5.841425,
        3.719014
      ],
      [
        5.824114,
        5.845605,
        5.909135,
        3.7692340000000004,
        5.804244,
        5.787214,
        5.7874229999999995,
        3.753895,
        5.806444,
        5.832864,
        5.829294,
        3.734394,
        5.885255,
        5.799754,
        5.816074,
        3.750234,
        5.815614,
        5.832714,
        5.785874,
        3.7297540000000002,
        5.808864000000001,
        5.789503,
        5.891955,
        3.7781149999999997,
        5.778454,
        5.792773,
        5.802154000000001,
        3.722594,
        5.781823,
        5.855855,
        5.787374,
        3.7136030000000004
      ],
      [
        5.811173999999999,
        5.778603,
        5.805304,
        3.715564,
        5.787883,
        5.824784,
        5.815374,
        3.764845,
        5.8603250000000005,
        5.875604,
        5.756714,
        3.847025,
        5.814814,
        5.852175,
        5.791353,
        3.780955,
        5.823934,
        5.855965,
        5.788063,
        3.7586049999999998,
        5.788633,
        5.8447949999999995,
        5.799833,
        3.785015,
        5.8044139999999995,
        5.788374,
        5.842404,
        3.734404,
        5.810404,
        5.824904,
        5.783974,
        3.834405
      ],
      [
        5.921876,
        5.833953999999999,
        5.798654,
        3.846565,
        5.745394,
        5.786773,
        5.831773999999999,
        3.803825,
        5.827915,
        5.806493000000001,
        5.869895,
        3.857966,
        5.821194,
        5.813374,
        5.8435049999999995,
        3.7746440000000003,
        5.834624,
        5.782804,
        5.834194,
        3.5292510000000004,
        5.819554,
        5.855675000000001,
        5.747253,
        3.868036,
        5.829754,
        5.817524,
        5.770733999999999,
        3.897686,
        5.8288139999999995,
        5.8267739999999995,
        5.816934,
        3.8907070000000004
      ],
      [
        5.819464,
        5.816194,
        5.903795,
        3.9027160000000003,
        5.8221549999999995,
        5.7987530000000005,
        5.812104000000001,
        3.255067,
        5.814554,
        5.784694,
        5.850185,
        3.837675,
        5.8679049999999995,
        5.807614,
        5.828563999999999,
        3.8791860000000002,
        5.791174,
        5.9114249999999995,
        5.8075339999999995,
        3.8329549999999997,
        5.800964,
        5.870445,
        5.785814,
        3.842255,
        5.821374,
        5.803404,
        5.8071340000000005,
        3.904186,
        5.837175,
        5.866464,
        5.793483999999999,
        3.845456
      ],
      [
        5.871345,
        5.7692630000000005,
