{
  "backend": "hip",
  "correctness": {
    "nan_or_inf_detected": false,
    "verified": true
  },
  "decode": {
    "embedding_step_ms": [
      1.106819,
      1.090789,
      1.0790579999999999,
      1.0643479999999998,
      1.1002290000000001,
      1.0939789999999998,
      1.068339,
      1.083859,
      1.055969,
      1.112299,
      1.114519,
      1.181359,
      1.1536300000000002,
      1.091869,
      1.137019
    ],
    "end_to_end_generated_tps": 1.7690462619411538,
    "last_top_logits": [
      {
        "logit": 8.611001968383789,
        "token_id": 70182
      }
    ],
    "layer_step_ms": [
      [
        0.056301000000000004,
        0.03929,
        0.039740000000000004,
        5.820328,
        0.055131,
        0.041319999999999996,
        0.04145,
        5.810568,
        0.057361,
        0.04226,
        0.043699999999999996,
        5.834118999999999,
        0.05273,
        0.04396,
        0.042121,
        5.847818,
        0.051449999999999996,
        0.042450999999999996,
        0.04125,
        5.872609,
        0.0514,
        0.04082,
        0.038881000000000006,
        5.882178,
        0.051021,
        0.03968,
        0.03666,
        5.864109,
        0.048220000000000006,
        0.035590000000000004,
        0.034471,
        5.931609
      ],
      [
        0.043390000000000005,
        0.03104,
        0.029981,
        5.941069000000001,
        0.049,
        0.03315,
        0.034391000000000005,
        5.879808000000001,
        0.049281,
        0.03495,
        0.03341,
        5.922499,
        0.04976,
        0.033471,
        0.03286,
        5.906329,
        0.045630000000000004,
        0.034091,
        0.032369999999999996,
        5.885599,
        0.04979,
        0.034730000000000004,
        0.032831,
        5.864567999999999,
        0.04792999999999999,
        0.033090999999999995,
        0.03396,
        5.8835679999999995,
        0.050161000000000004,
        0.03184,
        0.03136,
        5.92997
      ],
      [
        0.038391,
        0.02702,
        0.026959999999999998,
        5.909559,
        0.043989999999999994,
        0.032641,
        0.03069,
        5.896399,
        0.04971,
        0.03125,
        0.032320999999999996,
        5.899668,
        0.049491,
        0.03149,
        0.030549999999999997,
        5.898529,
        0.04853,
        0.032901,
        0.031279999999999995,
        5.955628999999999,
        0.049121,
        0.03263,
        0.03108,
        5.944859,
        0.050851,
        0.03145,
        0.03091,
        5.9661990000000005,
        0.053980999999999994,
        0.031520000000000006,
        0.0305,
        5.911949
      ],
      [
        0.038221,
        0.026529999999999998,
        0.026930000000000003,
        5.9586689999999995,
        0.047160999999999995,
        0.03201,
        0.032580000000000005,
        5.978940000000001,
        0.0567,
        0.033361,
        0.032459999999999996,
        6.03058,
        0.04968,
        0.03217,
        0.031661,
        5.999579,
        0.044971,
        0.03266,
        0.03129,
        5.99878,
        0.04616,
        0.03253,
        0.031471,
        5.9710090000000005,
        0.04396,
        0.031810000000000005,
        0.031651,
        6.061719999999999,
        0.046060000000000004,
        0.031401,
        0.03104,
        5.9922889999999995
      ],
      [
        0.038321,
        0.026699999999999998,
        0.027100000000000003,
        6.01666,
        0.05092,
        0.031901,
        0.03163,
        6.01405,
        0.04788,
        0.03169,
        0.03217,
        6.068261000000001,
        0.045989999999999996,
        0.03213,
        0.031571,
        6.05429,
        0.04651,
        0.0324,
        0.03113,
        6.00949,
        0.04876,
        0.035961,
        0.0346,
        5.951479,
        0.045080999999999996,
        0.03354,
        0.03429,
        5.99783,
        0.084051,
        0.03353,
        0.0331,
        6.01
      ],
      [
        0.044621,
        0.03126,
        0.03138,
        6.05213,
        0.051101,
        0.03646,
        0.035769999999999996,
        6.02255,
        0.0497,
        0.036810999999999997,
        0.038149999999999996,
        6.05847,
        0.04675,
        0.036231,
        0.034100000000000005,
        6.05318,
        0.08299100000000001,
        0.03228,
        0.03194,
        6.0384,
        0.04549,
        0.034171,
        0.032709999999999996,
        6.0496,
        0.04991,
        0.031541,
        0.03193,
        6.1619209999999995,
        0.04834,
        0.032410999999999995,
        0.03218,
        6.06485
      ],
      [
        0.03703,
        0.026491,
        0.02743,
        6.071820000000001,
        0.04909,
        0.036181,
        0.03362,
        6.01126,
        0.04314,
        0.032119999999999996,
        0.033930999999999996,
        6.07411,
        0.04795,
        0.03267,
        0.031010999999999997,
        6.1342,
        0.047401000000000006,
        0.03328,
        0.03164,
        6.06053,
        0.047460999999999996,
        0.03537,
        0.03179,
        6.102831,
        0.04998,
        0.033049999999999996,
        0.032271,
        6.13872,
        0.055611,
        0.03359,
        0.03211,
        6.144791000000001
      ],
      [
        0.04149,
        0.02932,
        0.031300999999999995,
        6.12213,
        0.051711,
        0.03293,
        0.06894,
        6.065371,
        0.04906,
        0.0373,
        0.036281,
        6.11689,
        0.05223,
        0.035701000000000004,
        0.03737,
        6.088001,
        0.06156999999999999,
        0.03526,
        0.034520999999999996,
        6.10745,
        0.05583,
        0.034121,
        0.031869999999999996,
        6.191721,
        0.051521,
        0.032369999999999996,
        0.032459999999999996,
        6.178451,
        0.045641,
        0.032709999999999996,
        0.03302,
        6.174311
      ],
      [
        0.03854,
        0.027961,
        0.0282,
        6.155940999999999,
        0.0401,
        0.03307,
        0.031139999999999998,
        6.1554210000000005,
        0.046851000000000004,
        0.033569999999999996,
        0.03301,
        6.184341000000001,
        0.048131,
        0.033479999999999996,
        0.03199,
        6.162711000000001,
        0.050221,
        0.032889999999999996,
        0.03166,
        6.217231999999999,
        0.05024,
        0.0332,
        0.03145,
        6.167312,
        0.04473,
        0.03196,
        0.03197,
        6.199952,
        0.05041,
        0.03168,
        0.031281,
        6.258701
      ],
      [
        0.047830000000000004,
        0.031041000000000003,
        0.030029999999999998,
        6.214401,
        0.053171,
        0.0347,
        0.03633,
        6.137761,
        0.045899999999999996,
        0.068941,
        0.03625,
        6.234332,
        0.04741,
        0.03573,
        0.034241,
        6.241281000000001,
        0.052431,
        0.03675,
        0.036000000000000004,
        6.178261,
        0.08532000000000001,
        0.050581,
        0.05007,
        6.162321,
        0.074991,
        0.05427,
        0.05074,
        6.216032,
        0.07058,
        0.050761,
        0.04889,
        6.199521000000001
      ],
      [
        0.053911,
        0.03626,
        0.03517,
        6.274322,
        0.055121,
        0.040979999999999996,
        0.041210000000000004,
        6.245362,
        0.05864,
        0.041311,
        0.044669999999999994,
        6.219031,
        0.061531,
        0.04252,
        0.039140999999999995,
        6.215751,
        0.066711,
        0.053860000000000005,
        0.050391,
        6.256921,
        0.057431,
        0.04192,
        0.0392,
        6.2753820000000005,
        0.07613099999999999,
        0.04912,
        0.039001,
        6.280602,
