{
  "backend": "hip",
  "correctness": {
    "nan_or_inf_detected": false,
    "verified": true
  },
  "decode": {
    "embedding_step_ms": [
      1.0843280000000002,
      1.020436,
      1.0375860000000001,
      1.077408,
      1.055787,
      1.030356,
      1.062637,
      1.063007,
      1.0634869999999998,
      1.047727,
      1.0435869999999998,
      1.040577,
      1.0182559999999998,
      1.028986,
      1.026136
    ],
    "end_to_end_generated_tps": 1.2544201698740953,
    "last_top_logits": [
      {
        "logit": 8.611008644104004,
        "token_id": 70182
      }
    ],
    "layer_step_ms": [
      [
        5.763906,
        5.685263,
        5.737226,
        3.059317,
        5.735185,
        5.747205,
        5.734765,
        3.0937989999999997,
        5.734825,
        5.743155,
        5.692604,
        3.063797,
        5.745696,
        5.739455,
        5.695594,
        3.14403,
        5.685372999999999,
        5.740556,
        5.734375,
        3.149019,
        5.694033999999999,
        5.747485999999999,
        5.696574,
        3.038427,
        5.719784000000001,
        5.654693,
        5.6793640000000005,
        3.349675,
        5.706124,
        5.676984,
        5.682302999999999,
        3.037147
      ],
      [
        5.735385,
        5.713805,
        5.6843129999999995,
        3.081378,
        5.679654,
        5.690373999999999,
        5.710553999999999,
        3.027137,
        5.816647000000001,
        5.694504,
        5.741925,
        3.017956,
        5.701255,
        5.7137139999999995,
        5.664984,
        3.0812180000000002,
        5.711464,
        5.699544,
        5.688094,
        3.123379,
        5.719145,
        5.723174,
        5.737375,
        3.028917,
        5.7206649999999994,
        5.6866140000000005,
        5.681633000000001,
        3.1463300000000003,
        5.723855,
        5.6825030000000005,
        5.722645,
        3.0358870000000002
      ],
      [
        5.747845,
        5.695385,
        5.700354,
        3.15109,
        5.685232999999999,
        5.763666,
        5.738825,
        3.2573429999999997,
        5.733885,
        5.700434,
        5.715904,
        3.462638,
        5.7381150000000005,
        5.691364,
        5.760846,
        3.2841530000000003,
        5.731155,
        5.718075000000001,
        5.688282999999999,
        3.475998,
        5.688294,
        5.711265,
        5.734985,
        3.0445469999999997,
        5.7335449999999994,
        5.739555,
        5.743304999999999,
        3.485098,
        5.704194,
        5.717905,
        5.747625,
        3.390156
      ],
      [
        5.770995999999999,
        5.681703,
        5.7082749999999995,
        3.4894380000000003,
        5.761995,
        5.7132950000000005,
        5.7300249999999995,
        3.490098,
        5.751315,
        5.707424,
        5.688544,
        3.528539,
        5.699504,
        5.7288749999999995,
        5.738214999999999,
        3.5289900000000003,
        5.733454,
        5.689104,
        5.747116,
        3.499218,
        5.639493,
        5.727814,
        5.699664,
        3.5270789999999996,
        5.713645,
        5.718575,
        5.740984999999999,
        3.56173,
        5.735575,
        5.682302999999999,
        5.690174,
        3.475288
      ],
      [
        5.725155,
        5.689964,
        5.691243,
        3.572131,
        5.746855,
        5.722535,
        5.693174,
        3.5989809999999998,
        5.709204,
        5.691724,
        5.709064,
        3.5738,
        5.753476,
        5.690964,
        5.670983,
        3.57282,
        5.684454000000001,
        5.722085,
        5.653923,
        3.595401,
        5.674333,
        5.7047740000000005,
        5.722685,
        3.57569,
        5.701994,
        5.729615000000001,
        5.688994,
        3.651232,
        5.678824,
        5.723114,
        5.740695,
        3.559601
      ],
      [
        5.778616,
        5.686083,
        5.7233350000000005,
        3.6413819999999997,
        5.663373,
        5.710355,
        5.723764,
        3.626842,
        5.692454,
        5.772256,
        5.743774999999999,
        3.6218209999999997,
        5.724375,
        5.720855,
        5.695454,
        3.6106409999999998,
        5.707804,
        5.710475,
        5.747465,
        3.602331,
        5.716255,
        5.723014,
        5.7319249999999995,
        3.593591,
        5.7060640000000005,
        5.6859340000000005,
        5.702954,
        3.620962,
        5.694673,
        5.716325,
        5.731245,
        3.6614120000000003
      ],
      [
        5.779826,
        5.716404,
        5.710825,
        3.671263,
        5.684563,
        5.676533999999999,
        5.746025,
        3.684733,
        5.716325,
        5.748875,
        5.722115,
        3.6651219999999998,
        5.732305,
        5.713244,
        5.703015,
        3.626471,
        5.733145,
        5.7419150000000005,
        5.741785,
        3.6093520000000003,
        5.707064000000001,
        5.687164,
        5.699404,
        3.697793,
        5.707345,
        5.693653,
        5.683184,
        3.705604,
        5.693884,
        5.717974,
        5.710985,
        3.6622120000000002
      ],
      [
        5.772866,
        5.715405,
        5.694354000000001,
        3.709403,
        5.7460949999999995,
        5.722755,
        5.692624,
        3.7111039999999997,
        5.759255,
        5.7119349999999995,
        5.726575,
        3.687173,
        5.7263649999999995,
        5.716904,
        5.658443,
        3.692093,
        5.766376,
        5.737635,
        5.685873999999999,
        3.6792130000000003,
        5.739025,
        5.7186140000000005,
        5.750186,
        3.711754,
        5.645482,
        5.712325,
        5.7439350000000005,
        3.6933030000000002,
        5.740855,
        5.746856,
        5.731145,
        3.7123030000000004
      ],
      [
        5.730614999999999,
        5.690804,
        5.7171840000000005,
        3.7640350000000002,
        5.675124,
        5.700814,
        5.678633,
        3.740725,
        5.746045,
        5.712555,
        5.680343,
        3.6951240000000003,
        5.680923,
        5.686153999999999,
        5.751225,
        3.760565,
        5.696434,
        5.657773,
        5.686304,
        3.747535,
        5.719834,
        5.755426,
        5.720364,
        3.711364,
        5.722233999999999,
        5.699404,
        5.709475,
        3.770055,
        5.715994,
        5.723904999999999,
        5.695674,
        3.7470239999999997
      ],
      [
        5.769184999999999,
        5.708665,
        5.707044,
        3.761065,
        5.7644150000000005,
        5.667274,
        5.655022,
        3.8459280000000002,
        5.748965,
        5.759335,
        5.702223999999999,
        3.807216,
        5.688504,
        5.714945,
        5.639992,
        3.825917,
        5.734885,
        5.738954,
        5.689624,
        3.783696,
        5.715324,
        5.683663999999999,
        5.685103000000001,
        3.7886059999999997,
        5.717134,
        5.700394,
        5.699854,
        3.7837359999999998,
        5.673273,
        5.6842239999999995,
        5.6761729999999995,
        3.747595
      ],
      [
        5.715084,
        5.734435,
        5.711214,
        3.793586,
        5.688914,
        5.716404,
        5.726295,
        3.856317,
        5.7276050000000005,
        5.720804,
        5.708744,
        3.835497,
        5.711865,
        5.7135739999999995,
        5.724875,
        3.827646,
        5.710294,
        5.710395,
        5.761495,
        3.8157769999999998,
        5.677803,
        5.742535,
        5.729075,
        3.767545,
        5.679283,
        5.718845,
        5.677543,
        3.889619,
        5.684223,
        5.691294,
        5.684374,
        3.8423670000000003
