{
  "backend": "hip",
  "correctness": {
    "nan_or_inf_detected": false,
    "verified": true
  },
  "decode": {
    "embedding_step_ms": [
      1.089497,
      1.108707,
      1.084107,
      1.128568,
      1.095896,
      1.187119,
      1.141358,
      1.094407,
      1.086117,
      1.059176,
      1.0731060000000001,
      1.3630039999999999,
      1.4054440000000001,
      1.408315,
      1.182549
    ],
    "end_to_end_generated_tps": 1.2006266510521508,
    "last_top_logits": [
      {
        "logit": 8.611010551452637,
        "token_id": 70182
      }
    ],
    "layer_step_ms": [
      [
        6.459318000000001,
        6.368066000000001,
        6.411698,
        3.373122,
        6.390127,
        6.452508,
        6.4188279999999995,
        3.068165,
        6.362906,
        6.354406,
        6.4245980000000005,
        2.9959230000000003,
        6.377407,
        6.373266,
        6.4066469999999995,
        3.015824,
        6.379277,
        6.367926000000001,
        6.457299,
        3.023854,
        6.414357,
        6.411387,
        6.426328,
        3.025934,
        6.403527,
        6.477769,
        6.400377,
        3.0081439999999997,
        6.443347999999999,
        6.387997,
        6.386457,
        3.016604
      ],
      [
        6.397006999999999,
        6.362915999999999,
        6.375966,
        3.090476,
        6.359786,
        6.365405999999999,
        6.4449879999999995,
        3.081566,
        6.3986160000000005,
        6.379997,
        6.369416,
        3.072696,
        6.404507000000001,
        6.383006,
        6.450498,
        3.0745859999999996,
        6.428947,
        6.430148,
        6.401277,
        3.078495,
        6.416478,
        6.420096999999999,
        6.419948,
        3.040104,
        6.407347,
        6.395767,
        6.405037,
        3.131837,
        6.365705999999999,
        6.355056,
        6.415647,
        3.018254
      ],
      [
        6.432228,
        6.4291469999999995,
        6.406697,
        3.478726,
        6.3923060000000005,
        6.389627,
        6.420888,
        3.490085,
        6.445568,
        6.385637,
        6.4261170000000005,
        3.198929,
        6.389887000000001,
        6.409337,
        6.409917,
        3.482005,
        6.345706,
        6.400437,
        6.459208,
        3.489646,
        6.411777,
        6.396567,
        6.4122770000000004,
        3.494936,
        6.3965369999999995,
        6.411857,
        6.417627,
        3.4974060000000002,
        6.417908,
        6.429807,
        6.376827,
        3.538026
      ],
      [
        6.442057999999999,
        6.356685,
        6.452999,
        3.5073359999999996,
        6.423057,
        6.466539,
        6.410507,
        3.543237,
        6.380796,
        6.345826,
        6.419297,
        3.508406,
        6.408128,
        6.425337,
        6.378537,
        3.585398,
        6.380986,
        6.435168,
        6.421497,
        3.539707,
        6.433518,
        6.410607,
        6.395147000000001,
        3.521906,
        6.404337000000001,
        6.4490479999999994,
        6.356876,
        3.526217,
        6.420327,
        6.438478,
        6.450658,
        3.5717779999999997
      ],
      [
        6.49185,
        6.409817,
        6.408687,
        3.565737,
        6.397087,
        6.434538,
        6.445188,
        3.5589969999999997,
        6.431528,
        6.425378,
        6.390326,
        3.616059,
        6.363016,
        6.440758000000001,
        6.426328,
        3.5955980000000003,
        6.4542280000000005,
        6.363006,
        6.4176470000000005,
        3.5566780000000002,
        6.403117,
        6.429977,
        6.466839,
        3.387453,
        6.4242479999999995,
        6.492439,
        6.427226999999999,
        3.174518,
        6.435608,
        6.425148,
        6.452408,
        3.160057
      ],
      [
        6.448478,
        6.434028,
        6.444408,
        3.7088609999999997,
        6.460848,
        6.452088,
        6.447739,
        3.652729,
        6.404317,
        6.4257480000000005,
        6.379156,
        3.64255,
        6.4479180000000005,
        6.424807,
        6.419417999999999,
        3.648549,
        6.374646,
        6.467809,
        6.467579000000001,
        3.599908,
        6.390867,
        6.419917,
        6.355126,
        3.6415990000000003,
        6.382757,
        6.411377,
        6.410426999999999,
        3.5971789999999997,
        6.398296,
        6.404586999999999,
        6.49464,
        3.609808
      ],
      [
        6.439877999999999,
        6.462209,
        6.460918,
        3.698921,
        6.376196,
        6.417338,
        6.410337,
        3.6970810000000003,
        6.436887,
        6.401407,
        6.436548,
        3.7396719999999997,
        6.381386,
        6.421188000000001,
        6.392746000000001,
        3.64278,
        6.384696,
        6.391177,
        6.400137,
        3.67938,
        6.387457,
        6.419036999999999,
        6.462238,
        3.66649,
        6.378565999999999,
        6.390097,
        6.371626,
        3.65844,
        6.404397,
        6.4425680000000005,
        6.432768,
        3.69585
      ],
      [
        6.429898,
        6.443078,
        6.450208,
        3.725091,
        6.425606999999999,
        6.377197000000001,
        6.428447,
        3.6993210000000003,
        6.4486680000000005,
        6.397257,
        6.378456,
        3.67266,
        6.438328,
        6.4009469999999995,
        6.380996,
        3.717031,
        6.352906,
        6.466559,
        6.441178,
        3.153627,
        6.423787,
        6.466619,
        6.436698,
        3.736721,
        6.399727,
        6.365066,
        6.422218,
        3.741161,
        6.438618,
        6.424427,
        6.406497,
        3.7068510000000003
      ],
      [
        6.403707,
        6.347966,
        6.395036,
        3.5380469999999997,
        6.392607,
        6.368786,
        6.388586,
        3.7451619999999997,
        6.418387,
        6.461689,
        6.3919570000000006,
        3.734781,
        6.432417999999999,
        6.468328,
        6.358466,
        3.745732,
        6.426478,
        6.441097,
        6.4066469999999995,
        3.7761430000000002,
        6.381716,
        6.402277,
        6.357146,
        3.154348,
        6.418336999999999,
        6.3819159999999995,
        6.4038569999999995,
        3.740782,
        6.426887,
        6.49347,
        6.387416,
        3.718111
      ],
      [
        6.464158,
        6.371287,
        6.450508,
        3.814463,
        6.3890270000000005,
        6.394376,
        6.423858,
        3.892275,
        6.356306,
        6.436168,
        6.420987,
        3.8659950000000003,
        6.380666,
        6.4333480000000005,
        6.389317,
        3.8162030000000002,
        6.358216,
        6.420507,
        6.382527,
        3.807333,
        6.364146,
        6.420108,
        6.388456,
        3.828764,
        6.376656,
        6.406477,
        6.394147,
        3.819394,
        6.400317,
        6.424137,
        6.399597,
        3.777802
      ],
      [
        6.414108,
        6.457408,
        6.3832070000000005,
        3.9010450000000003,
        6.4513180000000006,
        6.417128,
        6.465478,
        3.997588,
        6.429388,
        6.492129,
        6.482179,
        3.9987679999999997,
        6.418107,
        6.405487,
        6.440038,
        3.8662050000000003,
        6.448838,
        6.4237269999999995,
        6.463679,
        3.871464,
        6.420998,
        6.383546,
        6.418618,
        3.616828,
        6.432288000000001,
        6.434988,
        6.436298,
        3.8579339999999998,
        6.411207,
        6.451957999999999,
        6.4040870000000005,
        3.876175
      ],
      [
        6.481848,
        6.436478,
        6.435258,
