{
  "backend": "hip",
  "correctness": {
    "nan_or_inf_detected": false,
    "verified": true
  },
  "decode": {
    "embedding_step_ms": [
      1.224046,
      1.143575,
      1.151925,
      1.1380649999999999,
      1.170295,
      1.1638460000000002,
      1.5661909999999999,
      1.589171,
      1.6761320000000002,
      1.394168,
      1.413438,
      1.321577,
      1.408099,
      1.3693279999999999,
      1.349287
    ],
    "end_to_end_generated_tps": 1.187894610005049,
    "last_top_logits": [
      {
        "logit": 8.611008644104004,
        "token_id": 70182
      }
    ],
    "layer_step_ms": [
      [
        5.822896,
        5.808855,
        5.879437,
        3.001009,
        5.808115,
        5.807716,
        5.833156,
        3.304073,
        5.841476,
        5.834856,
        5.797895,
        3.157111,
        5.811585999999999,
        5.806286,
        5.758495,
        3.13851,
        5.835106,
        5.782576000000001,
        5.806465,
        3.06248,
        5.826856,
        5.785725,
        5.794546,
        3.1923009999999996,
        5.779675,
        5.798206,
        5.864056000000001,
        3.1452009999999997,
        5.875736000000001,
        5.824986,
        5.797436,
        3.0083789999999997
      ],
      [
        5.8234960000000004,
        5.851426,
        5.822366,
        3.246022,
        5.850086,
        5.817006,
        5.742444,
        3.03333,
        5.867795999999999,
        5.794346,
        5.8245450000000005,
        3.152232,
        5.843806,
        5.823795,
        5.782526,
        3.467885,
        5.785705,
        5.796155,
        5.849837,
        3.0359089999999997,
        5.8253960000000005,
        5.780265,
        5.8588260000000005,
        3.06493,
        5.777976,
        5.812325,
        5.8398460000000005,
        3.339144,
        5.842695999999999,
        5.810725,
        5.776924999999999,
        3.1387609999999997
      ],
      [
        5.896026,
        5.840676,
        5.813296,
        3.08789,
        5.810186,
        5.7934149999999995,
        5.866367,
        3.285732,
        5.875837,
        5.844236,
        5.791605,
        3.418295,
        5.850986,
        5.817996,
        5.892456,
        3.556317,
        5.813675,
        5.875267,
        5.8282359999999995,
        3.223211,
        5.790866,
        5.818566,
        5.789995,
        3.0173389999999998,
        5.804036,
        5.864446,
        5.815586000000001,
        3.470315,
        5.839646,
        5.837236,
        5.788245,
        3.534176
      ],
      [
        5.818725000000001,
        5.818986,
        5.8194859999999995,
        3.562726,
        5.808946,
        5.797255000000001,
        5.813886,
        3.561426,
        5.853897,
        5.814705,
        5.853756,
        3.600027,
        5.805176,
        5.780295000000001,
        5.858426,
        3.546386,
        5.836756,
        5.808286,
        5.801455,
        3.592507,
        5.822126000000001,
        5.835466,
        5.748655,
        3.5646660000000003,
        5.783245,
        5.841926,
        5.754855,
        3.587827,
        5.799196,
        5.805185,
        5.842995999999999,
        3.585657
      ],
      [
        5.820936,
        5.837816,
        5.780575,
        3.596947,
        5.796285,
        5.886077,
        5.820536000000001,
        3.616037,
        5.810275,
        5.830846,
        5.807066,
        3.563006,
        5.837536,
        5.842415999999999,
        5.864216,
        3.572037,
        5.828176,
        5.819365,
        5.836576,
        3.554817,
        5.839386,
        5.833816000000001,
        5.814725,
        3.642008,
        5.8266849999999994,
        5.879307000000001,
        6.065259,
        3.592797,
        5.844595999999999,
        5.815665999999999,
        5.817215,
        3.543957
      ],
      [
        5.834306,
        5.852826,
        5.834925999999999,
        3.603567,
        5.826566,
        5.809044999999999,
        5.843266,
        3.635218,
        5.875306,
        5.857636,
        5.8256760000000005,
        3.604557,
        5.805836,
        5.793615,
        5.7939549999999995,
        3.631408,
        5.783354999999999,
        5.856746,
        5.855827,
        3.597036,
        5.799506,
        5.798235,
        5.873497,
        3.642577,
        5.844145999999999,
        5.802665999999999,
        5.888847,
        3.5910059999999997,
        5.844356,
        5.865437,
        5.856106,
        3.725438
      ],
      [
        5.884526,
        5.911427000000001,
        5.882917,
        3.7916489999999996,
        5.9337670000000005,
        5.8965570000000005,
        5.854836000000001,
        3.80666,
        5.911507,
        5.913266999999999,
        5.844156,
        3.7031479999999997,
        5.928147,
        5.8881369999999995,
        5.8611059999999995,
        3.718209,
        5.974778,
        5.842746,
        5.8837459999999995,
        3.7352090000000002,
        5.775045,
        5.950728,
        5.863716,
        3.796389,
        5.825796,
        5.882987,
        5.850696,
        3.721938,
        5.866587,
        5.885446,
        5.911727,
        3.703619
      ],
      [
        5.878457,
        5.873286,
        5.879067,
        3.220802,
        5.900006,
        5.836036,
        5.856627,
        3.765209,
        5.899036,
        5.836166,
        5.802176,
        3.7166080000000004,
        5.850887,
        5.843996,
        5.828896,
        3.820049,
        5.965438,
        5.959838,
        5.858636000000001,
        3.2756819999999998,
        5.980468,
        5.932878,
        5.8872860000000005,
        3.84258,
        5.851836,
        5.845226,
        5.843567,
        3.767129,
        5.867276,
        5.8579360000000005,
        5.840216,
        3.875651
      ],
      [
        5.900847,
        5.8282560000000005,
        5.840456,
        3.83214,
        5.808166,
        5.867095999999999,
        5.846316,
        3.81303,
        5.811305,
        5.878546999999999,
        5.8376660000000005,
        3.8438,
        5.7990450000000004,
        5.863537,
        5.844986,
        3.9266509999999997,
        5.8279760000000005,
        5.838186,
        5.833166,
        3.802719,
        5.962058,
        5.849666,
        5.895097,
        3.8616900000000003,
        5.803776,
        5.808625,
        5.800576,
        3.797149,
        5.9364680000000005,
        5.902845999999999,
        5.8611770000000005,
        3.8062389999999997
      ],
      [
        5.835476,
        5.8928069999999995,
        5.857705999999999,
        3.83353,
        5.826315999999999,
        5.891536,
        5.815336,
        3.82489,
        5.866146,
        5.804616,
        5.8409059999999995,
        3.198462,
        5.831185,
        5.8180760000000005,
        5.854406,
        3.82465,
        5.841506,
        5.798466,
        5.858966000000001,
        3.84164,
        5.892157,
        5.810915,
        5.882597,
        3.2627319999999997,
        5.8279559999999995,
        5.830186,
        5.809816,
        3.888621,
        5.8316360000000005,
        5.869086,
        5.805515,
        3.8447210000000003
      ],
      [
        5.829496,
        5.900037,
        5.865335999999999,
        3.8953909999999996,
        5.764035,
        5.798556,
        5.835626,
        3.7124279999999996,
        5.902507000000001,
        5.818686,
        5.827815,
        3.913741,
        5.793016,
        5.8138060000000005,
        5.878996,
        3.9207210000000003,
        5.859807,
        5.852195999999999,
        5.831716,
        3.86912,
        5.851246,
        5.849546,
        5.873277,
        3.901011,
        5.798375,
        5.852297,
        5.817895,
        3.871321,
        5.857496,
        5.9059170000000005,
        5.836265999999999,
        3.8710099999999996
      ],
      [
