{
  "backend": "hip",
  "correctness": {
    "nan_or_inf_detected": false,
    "verified": true
  },
  "decode": {
    "embedding_step_ms": [
      1.3631550000000001,
      1.508798,
      1.2507130000000002,
      1.314595,
      1.424587,
      1.3501450000000002,
      1.268183
    ],
    "end_to_end_generated_tps": 0.6575166637871299,
    "last_top_logits": [
      {
        "logit": 9.85055160522461,
        "token_id": 24
      }
    ],
    "layer_step_ms": [
      [
        6.43471,
        6.398518,
        6.425120000000001,
        3.2392800000000004,
        6.443370000000001,
        6.401429,
        6.4276990000000005,
        3.076167,
        6.391069,
        6.45574,
        6.440369,
        3.063407,
        6.492521,
        6.392389,
        6.434749,
        3.0782969999999996,
        6.411899,
        6.436039999999999,
        6.471,
        3.064967,
        6.423009,
        6.395029,
        6.4371,
        3.135688,
        6.432529000000001,
        6.42529,
        6.46556,
        3.016556,
        6.418969,
        6.3900689999999996,
        6.431769,
        3.431774
      ],
      [
        6.474821,
        6.418959,
        6.436259,
        3.4766649999999997,
        6.418139,
        6.412769,
        6.401099,
        3.145239,
        6.414459,
        6.432048999999999,
        6.47944,
        3.434124,
        6.45683,
        6.417629,
        6.424370000000001,
        3.1015270000000004,
        6.4649,
        6.41671,
        6.409548999999999,
        3.1760289999999998,
        6.415009,
        6.437349,
        6.379799,
        3.158718,
        6.456189999999999,
        6.45145,
        6.394799,
        3.140098,
        6.4142,
        6.425529,
        6.4524300000000006,
        3.107317
      ],
      [
        6.440709999999999,
        6.409299,
        6.3779580000000005,
        3.4782450000000003,
        6.423858999999999,
        6.380919,
        6.404999,
        3.473944,
        6.428129,
        6.378139,
        6.420869,
        3.1995999999999998,
        6.357398,
        6.430769000000001,
        6.494071,
        3.480394,
        6.472241,
        6.386378,
        6.4231,
        3.472644,
        6.386059,
        6.430459,
        6.574212,
        3.24609,
        6.42065,
        6.407629,
        6.401339,
        3.213479,
        6.4128989999999995,
        6.406949,
        6.396669,
        3.493245
      ],
      [
        6.431939,
        6.3926490000000005,
        6.4325,
        3.557456,
        6.382458,
        6.44009,
        6.441579,
        3.532006,
        6.406889,
        6.406429,
        6.427439,
        3.536966,
        6.403379,
        6.45777,
        6.46692,
        3.623457,
        6.41445,
        6.401068,
        6.42521,
        3.5231250000000003,
        6.4214,
        6.405229,
        6.4547490000000005,
        3.5455259999999997,
        6.438,
        6.408129000000001,
        6.44723,
        3.550026,
        6.391768,
        6.448040000000001,
        6.419249,
        3.572137
      ],
      [
        6.4367,
        6.376498000000001,
        6.453,
        3.566726,
        6.406799,
        6.380359,
        6.454879,
        3.622008,
        6.4331190000000005,
        6.47152,
        6.398599,
        3.6175170000000003,
        6.474190999999999,
        6.433789,
        6.416099,
        3.6122170000000002,
        6.378359,
        6.341918000000001,
        6.437309000000001,
        3.627218,
        6.4418690000000005,
        6.4268600000000005,
        6.395747999999999,
        3.6532880000000003,
        6.417389,
        6.45911,
        6.413208999999999,
        3.632797,
        6.436149,
        6.404408999999999,
        6.3855889999999995,
        3.571646
      ],
      [
        6.440849999999999,
        6.414309,
        6.3694880000000005,
        3.661788,
        6.4031590000000005,
        6.44811,
        6.408219,
        3.650898,
        6.371398,
        6.44183,
        6.4577,
        3.735319,
        6.370868,
        6.472781,
        6.384198,
        3.709309,
        6.409789,
        6.4356,
        6.407379000000001,
        3.697698,
        6.381429,
        6.389519,
        6.379308,
        3.6369380000000002,
        6.440059,
        6.423819,
        6.376899,
        3.6299069999999998,
        6.389379,
        6.386959,
        6.441449,
        3.639078
      ],
      [
        6.46277,
        6.42555,
        6.364768,
        3.674808,
        6.390919,
        6.425409,
        6.402179,
        3.691919,
        6.436279,
        6.434699999999999,
        6.3910979999999995,
        3.6765589999999997,
        6.375468,
        6.389689,
        6.425499,
        3.705829,
        6.4331190000000005,
        6.392748999999999,
        6.416199,
        3.666948,
        6.43074,
        6.45763,
        6.411529,
        3.695758,
        6.42737,
        6.400649,
        6.342147000000001,
        3.467425,
        6.373028000000001,
        6.469530000000001,
        6.373229,
        3.730169
      ]
    ],
    "layers_step_ms": [
      179.384812,
      180.047264,
      181.126744,
      182.60858199999998,
      182.979418,
      183.208193,
      183.16428200000001
    ],
    "lm_head_step_ms": [
      7.225124,
      7.173884,
      7.175433,
      7.260234,
      7.158203,
      7.156243,
      7.188434
    ],
    "positions": [
      16,
      17,
      18,
      19,
      20,
      21,
      22
    ],
    "requested_generated_tokens": 8,
    "step_wall_ms": [
      187.974311,
      188.731166,
      189.55421,
      191.18451100000001,
      191.563328,
      191.716191,
      191.622099
    ],
    "timed_incremental_steps": 7,
    "timed_step_tps": 5.2538912314939115,
    "wall_ms": 1332.345816
  },
  "decode_mode": "hybrid_incremental_greedy",
  "device_index": 2,
  "device_name": "AMD Radeon Graphics",
  "device_total_global_mem": 34208743424,
  "final_sequence_len": 24,
  "generated_token_ids": [
    17,
    18,
    19,
    20,
    21,
    22,
    23,
    24
  ],
  "git_commit": "e6b065a9928f24a2051b4d3d27215034beafdd15",
  "hidden": 4096,
  "incremental_decode": true,
  "layer_kinds": [
    "linear_attention",
    "linear_attention",
    "linear_attention",
    "self_attention",
    "linear_attention",
    "linear_attention",
    "linear_attention",
    "self_attention",
    "linear_attention",
    "linear_attention",
    "linear_attention",
    "self_attention",
    "linear_attention",
    "linear_attention",
    "linear_attention",
    "self_attention",
    "linear_attention",
    "linear_attention",
    "linear_attention",
    "self_attention",
    "linear_attention",
    "linear_attention",
    "linear_attention",
    "self_attention",
    "linear_attention",
    "linear_attention",
    "linear_attention",
    "self_attention",
    "linear_attention",
    "linear_attention",
    "linear_attention",
    "self_attention"
  ],
  "layers": [
    0,
    1,
    2,
    3,
    4,
    5,
    6,
    7,
    8,
    9,
    10,
    11,
    12,
    13,
    14,
    15,
    16,
    17,
    18,
    19,
    20,
    21,
    22,
    23,
    24,
    25,
    26,
    27,
    28,
    29,
    30,
    31
  ],
  "lm_head_chunk_rows": 8192,
  "lm_head_runtime": {
    "dtype": "BF16",
    "hidden": 4096,
    "load_ms": 5022.589779999999,
    "matrix_bytes": 4068474880,
    "mode": "gpu_resident_f32",
    "shape": [
      248320,
      4096
    ],
    "tensor": "lm_head.weight",
    "vocab": 248320
  },
  "memory": {
    "block_size": 24,
    "cache_blocks": 1,
    "kv_cache_allocated_blocks": 8,
    "kv_cache_block_size": 24,
    "kv_cache_bytes": 1572864,
    "kv_cache_free_blocks": 0,
    "kv_cache_self_attn_layers": 8,
    "kv_cache_value_dtype": "f32",
    "vram_baseline_bytes": null,
    "vram_consumed_bytes": null,
    "vram_peak_bytes": null
  },