{
  "backend": "hip",
  "correctness": {
    "nan_or_inf_detected": false,
    "verified": true
  },
  "decode": {
    "embedding_step_ms": [
      1.3212510000000002,
      1.4075229999999999,
      1.305391,
      1.277101,
      1.068897,
      1.075307,
      1.063667
    ],
    "end_to_end_generated_tps": 0.5413420623517455,
    "last_top_logits": [
      {
        "logit": 9.85055160522461,
        "token_id": 24
      }
    ],
    "layer_step_ms": [
      [
        9.675316,
        9.718575999999999,
        9.821297999999999,
        6.102098,
        9.818118,
        9.809128000000001,
        9.783587,
        5.952535,
        9.748517,
        9.757137,
        9.759947,
        5.914815,
        9.741247,
        9.784347,
        9.767586999999999,
        5.987066,
        9.874879,
        9.712396,
        9.790757000000001,
        6.285001,
        9.757867,
        9.736407000000002,
        9.784767,
        5.962846,
        9.814377,
        9.748737,
        10.138022999999999,
        5.921305,
        9.765747,
        9.728157,
        9.770357,
        5.861414
      ],
      [
        9.836388,
        9.751607,
        9.807867,
        5.925225999999999,
        9.732946,
        9.798317,
        9.738487000000001,
        5.933465,
        9.701596,
        9.762297,
        9.773077,
        5.882015,
        9.776187,
        9.773126999999999,
        9.829878,
        5.957485999999999,
        9.782777,
        9.803618,
        9.798276999999999,
        6.001817,
        9.747106,
        9.736336999999999,
        9.774117,
        5.888555,
        9.762016000000001,
        9.691986,
        9.731347,
        6.327171000000001,
        9.735437,
        9.741286,
        9.723497,
        5.903435
      ],
      [
        9.867728,
        9.772597,
        9.743627,
        6.487253999999999,
        9.741377,
        9.715836,
        9.780637,
        5.999147,
        9.766156,
        9.767707,
        9.849808999999999,
        5.960686,
        9.797747000000001,
        9.785557,
        9.838719,
        6.139928,
        9.818788,
        9.694336,
        9.770477,
        6.401053,
        9.797587,
        9.754867,
        9.784047000000001,
        6.385603,
        9.758127,
        9.866958,
        9.815358,
        6.314112000000001,
        9.820328,
        9.806127,
        9.695586,
        6.358182
      ],
      [
        9.786266999999999,
        9.740347,
        9.791236999999999,
        6.401623000000001,
        9.799077,
        9.744387,
        9.694645999999999,
        6.478014,
        9.783457,
        9.731986999999998,
        9.764736,
        6.340491999999999,
        9.723526999999999,
        9.838068,
        9.693826,
        6.379532,
        9.793948,
        9.727996,
        9.706426,
        5.870564,
        9.668226,
        9.689405,
        9.603225,
        6.2914010000000005,
        9.686846000000001,
        9.662645,
        9.665715,
        6.040057,
        9.667705999999999,
        9.749097,
        9.682855,
        6.285131
      ],
      [
        9.654835,
        9.688436,
        9.671415,
        6.361802,
        9.660536,
        9.636073999999999,
        9.630535,
        6.370223,
        9.702006,
        9.811497000000001,
        9.659416,
        6.295750999999999,
        9.648385000000001,
        9.661385,
        9.704946000000001,
        6.296121,
        9.590135,
        9.610344,
        9.623345,
        6.3025210000000005,
        9.700225999999999,
        9.686746,
        9.703856,
        6.344442,
        9.751325999999999,
        9.638255000000001,
        9.623484999999999,
        6.387053,
        9.678635,
        9.726467000000001,
        9.650905,
        5.872383999999999
      ],
      [
        9.688126,
        9.623055,
        9.681605,
        6.422134000000001,
        9.641785,
        9.696494999999999,
        9.685726,
        6.409123,
        9.637805,
        9.611145,
        9.649775,
        6.4450829999999995,
        9.646405,
        9.597175,
        9.645294999999999,
        6.1254480000000004,
        9.655675,
        9.621025,
        9.670255000000001,
        6.531605,
        9.745427,
        9.647414999999999,
        9.650855,
        6.391713,
        9.650425,
        9.649025,
        9.680586,
        6.372762,
        9.662935,
        9.692236,
        9.667256,
        6.337872
      ],
      [
        9.688015,
        9.750357,
        9.643025,
        6.470644,
        9.713336,
        9.667346,
        9.669615,
        6.522375,
        9.644165,
        9.669435,
        9.676696,
        6.3815729999999995,
        9.714495999999999,
        9.713095999999998,
        9.679105,
        6.443534,
        9.696216,
        9.639185,
        9.659455000000001,
        6.400513,
        9.704146,
        9.637695,
        9.653224999999999,
        6.447534,
        9.659815,
        9.707446,
        9.679856000000001,
        6.537084999999999,
        9.748576,
        9.678206,
        9.774547,
        6.418653
      ]
    ],
    "layers_step_ms": [
      282.798346,
      282.131725,
      284.85972799999996,
      283.485616,
      282.34659800000003,
      282.836127,
      284.091936
    ],
    "lm_head_step_ms": [
      7.287007,
      7.148295,
      7.204816,
      7.108385,
      7.089964,
      7.0977239999999995,
      7.0553539999999995
    ],
    "positions": [
      16,
      17,
      18,
      19,
      20,
      21,
      22
    ],
    "requested_generated_tokens": 8,
    "step_wall_ms": [
      291.408304,
      290.688873,
      293.371135,
      291.87221200000005,
      290.506919,
      291.01038800000003,
      292.21182699999997
    ],
    "timed_incremental_steps": 7,
    "timed_step_tps": 3.4295742786452217,
    "wall_ms": 2041.069658
  },
  "decode_mode": "hybrid_incremental_greedy",
  "device_index": 2,
  "device_name": "AMD Radeon Graphics",
  "device_total_global_mem": 34208743424,
  "final_sequence_len": 24,
  "generated_token_ids": [
    17,
    18,
    19,
    20,
    21,
    22,
    23,
    24
  ],
  "git_commit": "e6b065a9928f24a2051b4d3d27215034beafdd15",
  "hidden": 4096,
  "incremental_decode": true,
  "layer_kinds": [
    "linear_attention",
    "linear_attention",
    "linear_attention",
    "self_attention",
    "linear_attention",
    "linear_attention",
    "linear_attention",
    "self_attention",
    "linear_attention",
    "linear_attention",
    "linear_attention",
    "self_attention",
    "linear_attention",
    "linear_attention",
    "linear_attention",
    "self_attention",
    "linear_attention",
    "linear_attention",
    "linear_attention",
    "self_attention",
    "linear_attention",
    "linear_attention",
    "linear_attention",
    "self_attention",
    "linear_attention",
    "linear_attention",
    "linear_attention",
    "self_attention",
    "linear_attention",
    "linear_attention",
    "linear_attention",
    "self_attention"
  ],
  "layers": [
    0,
    1,
    2,
    3,
    4,
    5,
    6,
    7,
    8,
    9,
    10,
    11,
    12,
    13,
    14,
    15,
    16,
    17,
    18,
    19,
    20,
    21,
    22,
    23,
    24,
    25,
    26,
    27,
    28,
    29,
    30,
    31
  ],
  "lm_head_chunk_rows": 8192,
  "lm_head_runtime": {
    "dtype": "BF16",
    "hidden": 4096,
    "load_ms": 5495.08256,
    "matrix_bytes": 4068474880,
    "mode": "gpu_resident_f32",
    "shape": [
      248320,
      4096
    ],
    "tensor": "lm_head.weight",
    "vocab": 248320
  },
  "memory": {
    "block_size": 24,
    "cache_blocks": 1,
    "kv_cache_allocated_blocks": 8,
    "kv_cache_block_size": 24,
    "kv_cache_bytes": 1572864,
    "kv_cache_free_blocks": 0,
    "kv_cache_self_attn_layers": 8,
    "kv_cache_value_dtype": "f32",
    "vram_baseline_bytes": null,
    "vram_consumed_bytes": null,
    "vram_peak_bytes": null
  },