{
  "backend": "hip",
  "correctness": {
    "nan_or_inf_detected": false,
    "verified": true
  },
  "decode": {
    "embedding_step_ms": [
      1.060926,
      1.000956,
      1.0086050000000002,
      1.011166,
      1.011736,
      0.9998959999999999,
      1.011455,
      1.007176,
      2.736292,
      1.0650169999999999,
      1.0860159999999999,
      1.010656,
      1.011166,
      1.014416,
      1.010405
    ],
    "end_to_end_generated_tps": 1.8273559586831174,
    "last_top_logits": [
      {
        "logit": 9.708110809326172,
        "token_id": 2110
      }
    ],
    "layer_step_ms": [
      [
        0.06849100000000001,
        0.038091,
        0.03669,
        0.046190999999999996,
        0.037661,
        0.04093,
        0.038151000000000004,
        0.07307100000000001,
        0.03855,
        0.035211,
        0.035131,
        0.03812,
        0.036191,
        0.037790000000000004,
        0.036751,
        0.03829,
        0.035221,
        0.037201,
        0.0366,
        0.039631,
        0.03737,
        0.036371,
        0.03447,
        0.037240999999999996,
        0.03501,
        0.036661,
        0.034091,
        0.036449999999999996,
        0.035151,
        0.03499,
        0.033711000000000005,
        0.035809999999999995
      ],
      [
        0.03794,
        0.029001,
        0.03008,
        0.032241,
        0.059001,
        0.025599999999999998,
        0.02685,
        0.029601,
        0.025769999999999998,
        0.027481,
        0.02617,
        0.029161,
        0.02705,
        0.02644,
        0.025821,
        0.02911,
        0.025791,
        0.025599999999999998,
        0.02576,
        0.029261,
        0.0259,
        0.025571,
        0.02551,
        0.028881,
        0.025660000000000002,
        0.02551,
        0.025281,
        0.02917,
        0.026121,
        0.02551,
        0.02563,
        0.028821
      ],
      [
        0.037081,
        0.02694,
        0.026351,
        0.063241,
        0.0266,
        0.025551,
        0.02596,
        0.02938,
        0.025970999999999998,
        0.02596,
        0.025621,
        0.0299,
        0.02609,
        0.025771000000000002,
        0.02597,
        0.029110999999999998,
        0.0257,
        0.02572,
        0.025701,
        0.02967,
        0.025951,
        0.025769999999999998,
        0.025331,
        0.02906,
        0.02599,
        0.025231,
        0.02573,
        0.029110999999999998,
        0.02596,
        0.02586,
        0.025581,
        0.029349999999999998
      ],
      [
        0.03625,
        0.026361,
        0.02618,
        0.030501,
        0.02604,
        0.02597,
        0.026021,
        0.02868,
        0.025751,
        0.02583,
        0.02539,
        0.029201,
        0.02697,
        0.025821,
        0.02607,
        0.029450999999999998,
        0.02555,
        0.02553,
        0.025941000000000002,
        0.029580000000000002,
        0.027561,
        0.028589999999999997,
        0.025150000000000002,
        0.028791,
        0.02554,
        0.025561,
        0.02579,
        0.062381,
        0.0263,
        0.025561,
        0.02572,
        0.029231
      ],
      [
        0.036149999999999995,
        0.026611,
        0.02615,
        0.030441,
        0.02613,
        0.02571,
        0.026091000000000003,
        0.02897,
        0.025931,
        0.02593,
        0.02538,
        0.029571,
        0.0258,
        0.025531,
        0.02563,
        0.029380999999999997,
        0.0259,
        0.025449999999999997,
        0.026730999999999998,
        0.061791000000000006,
        0.02627,
        0.02578,
        0.025481,
        0.02902,
        0.025381,
        0.02547,
        0.026301,
        0.02899,
        0.02612,
        0.026621000000000002,
        0.025769999999999998,
        0.029171
      ],
      [
        0.03604,
        0.026181,
        0.02641,
        0.032721,
        0.02909,
        0.027081,
        0.02572,
        0.064761,
        0.02612,
        0.027260999999999997,
        0.02569,
        0.029471,
        0.02603,
        0.026591,
        0.025619999999999997,
        0.029179999999999998,
        0.025571,
        0.02561,
        0.025301,
        0.029349999999999998,
        0.0257,
        0.025761,
        0.02596,
        0.029091,
        0.02592,
        0.02547,
        0.026121,
        0.02897,
        0.025851,
        0.02555,
        0.02565,
        0.029081000000000003
      ],
      [
        0.036071,
        0.02654,
        0.026801,
        0.03062,
        0.026461,
        0.02605,
        0.02599,
        0.029141,
        0.02589,
        0.026031,
        0.02578,
        0.029530999999999998,
        0.02651,
        0.0258,
        0.025621,
        0.029390000000000003,
        0.026201,
        0.02602,
        0.0258,
        0.029751,
        0.0259,
        0.025791,
        0.02639,
        0.029291,
        0.02622,
        0.02758,
        0.025781,
        0.029,
        0.025721,
        0.0265,
        0.058950999999999996,
        0.029730000000000003
      ],
      [
        0.03691,
        0.026791000000000002,
        0.02668,
        0.03087,
        0.026560999999999998,
        0.025740000000000002,
        0.026231,
        0.02927,
        0.026151,
        0.02614,
        0.025660000000000002,
        0.029450999999999998,
        0.02565,
        0.026461,
        0.025619999999999997,
        0.02934,
        0.025811,
        0.02565,
        0.059471,
        0.029521000000000002,
        0.02596,
        0.02619,
        0.025091000000000002,
        0.02889,
        0.025931,
        0.025769999999999998,
        0.0255,
        0.029011000000000002,
        0.02615,
        0.025901,
        0.02581,
        0.029241
      ],
      [
        0.03762,
        0.027090999999999997,
        0.02641,
        0.030911,
        0.02648,
        0.02585,
        0.025821,
        0.02921,
        0.025871,
        0.02616,
        0.025541,
        0.0299,
        0.0261,
        0.027611,
        0.0263,
        0.029311,
        0.02584,
        0.0259,
        0.026811,
        0.065261,
        0.02598,
        0.025711,
        0.02525,
        0.029141,
        0.02564,
        0.02559,
        0.025541,
        0.02883,
        0.026011,
        0.02624,
        0.026590000000000003,
        0.029020999999999998
      ],
      [
        0.03889,
        0.027031,
        0.026619999999999998,
        0.031680999999999994,
        0.026359999999999998,
        0.0262,
        0.026241,
        0.064271,
        0.02673,
        0.026491,
        0.02677,
        0.029601,
        0.02607,
        0.02614,
        0.025761,
        0.029249999999999998,
        0.026631,
        0.02631,
        0.025769999999999998,
        0.030620999999999995,
        0.026279999999999998,
        0.026891,
        0.0263,
        0.029261,
        0.02631,
        0.0268,
        0.026381,
        0.029390000000000003,
        0.026321,
        0.027379999999999998,
        0.02606,
        0.029141
      ],
      [
        0.039311,
        0.02677,
        0.026951,
        0.03068,
        0.026421,
        0.02573,
        0.02599,
        0.029091,
        0.02607,
        0.026831,
        0.02571,
        0.029791,
        0.02618,
        0.02624,
        0.025791,
        0.02944,
        0.026021,
        0.02576,
        0.02597,
        0.029380999999999997,
        0.02584,
        0.026281000000000002,
        0.025449999999999997,
        0.029201,
        0.02598,
        0.0279,
        0.025471,
        0.028900000000000002,
        0.026811,
        0.02616,
        0.060521,
        0.02913
      ],
      [
        0.03626,
        0.027421,
        0.027440000000000003,
        0.030511,
        0.02619,
        0.02583,
        0.026231,
        0.02903,
        0.025880999999999998,
        0.02607,
        0.02576,
        0.030230999999999997,
