{
  "backend": "hip",
  "correctness": {
    "nan_or_inf_detected": false,
    "verified": true
  },
  "decode": {
    "embedding_step_ms": [
      1.0702669999999999,
      1.059427,
      1.0726769999999999,
      1.079617,
      1.100018,
      1.072797,
      1.126008,
      1.095988,
      1.0651869999999999,
      1.071747,
      1.069317,
      1.082438,
      1.087957,
      1.083177,
      1.092568
    ],
    "end_to_end_generated_tps": 1.1418317990255062,
    "last_top_logits": [
      {
        "logit": 8.611010551452637,
        "token_id": 70182
      }
    ],
    "layer_step_ms": [
      [
        6.410963000000001,
        6.395593,
        6.363751,
        3.033118,
        6.380102,
        6.390972,
        6.405093,
        2.9816759999999998,
        6.394992,
        6.368582,
        6.410393,
        3.410067,
        6.387671999999999,
        6.425364,
        6.400842,
        3.037418,
        6.354501,
        6.427874,
        6.373212,
        2.993836,
        6.409393000000001,
        6.380792,
        6.393503,
        3.053557,
        6.3720419999999995,
        6.4000330000000005,
        6.357912000000001,
        3.16391,
        6.348141,
        6.4092530000000005,
        6.385822999999999,
        3.0226960000000003
      ],
      [
        6.441713,
        6.363252,
        6.370252,
        3.052988,
        6.381612,
        6.390682,
        6.372202000000001,
        3.029767,
        6.387153,
        6.368722,
        6.4129130000000005,
        3.022847,
        6.343551000000001,
        6.364612,
        6.396472,
        3.035807,
        6.372782,
        6.3928329999999995,
        6.364432,
        3.1111289999999996,
        6.4010229999999995,
        6.426653,
        6.361872,
        3.0425869999999997,
        6.4018429999999995,
        6.389972,
        6.381353,
        3.016176,
        6.402423,
        6.391141999999999,
        6.406033,
        3.407877
      ],
      [
        6.462905,
        6.360501999999999,
        6.444923,
        3.192971,
        6.399513,
        6.374222,
        6.404193,
        3.267883,
        6.367552,
        6.399023000000001,
        6.362851,
        3.039238,
        6.390782000000001,
        6.361702,
        6.365262,
        3.4601279999999996,
        6.356681,
        6.451744,
        6.399433,
        3.482069,
        6.358121000000001,
        6.459894,
        6.405533,
        3.086289,
        6.410243,
        6.370482,
        6.389202,
        3.488119,
        6.426493,
        6.411023,
        6.3784719999999995,
        3.491979
      ],
      [
        6.474444999999999,
        6.4244829999999995,
        6.390392,
        3.491899,
        6.483545,
        6.367832,
        6.381101999999999,
        3.5015490000000002,
        6.425374000000001,
        6.387932,
        6.400523,
        3.575791,
        6.397782,
        6.380812,
        6.431254,
        3.14018,
        6.433293,
        6.399823,
        6.402693,
        3.567731,
        6.392362,
        6.392493,
        6.4044419999999995,
        3.564031,
        6.4067430000000005,
        6.384722,
        6.374912,
        3.54278,
        6.382353,
        6.426703,
        6.422213,
        3.5350300000000003
      ],
      [
        6.443593,
        6.3892929999999994,
        6.379552,
        3.566081,
        6.3912320000000005,
        6.405933,
        6.429863,
        3.53474,
        6.374872,
        6.424544,
        6.367192,
        3.117019,
        6.370202,
        6.424003,
        6.432424,
        3.5397800000000004,
        6.405863,
        6.415513000000001,
        6.441073,
        3.616722,
        6.418743,
        6.422124,
        6.472943999999999,
        3.594592,
        6.434353000000001,
        6.435894,
        6.441044,
        3.5866610000000003,
        6.441884,
        6.431963,
        6.400383,
        3.575351
      ],
      [
        6.429143,
        6.404593,
        6.425114,
        3.630772,
        6.438413,
        6.397153,
        6.455794,
        3.614842,
        6.436713999999999,
        6.412882,
        6.468355,
        3.675783,
        6.443344,
        6.435423,
        6.404513,
        3.6302119999999998,
        6.399473,
        6.390482,
        6.405203,
        3.647343,
        6.3917019999999996,
        6.408963,
        6.441414,
        3.608692,
        6.366771,
        6.412353,
        6.431164,
        3.603611,
        6.323741,
        6.404623,
        6.432233,
        3.604622
      ],
      [
        6.487525,
        6.446974,
        6.400292,
        3.697934,
        6.377772,
        6.460694999999999,
        6.462244,
        3.724854,
        6.428014,
        6.407893,
        6.467884,
        3.6995639999999996,
        6.454864000000001,
        6.421803000000001,
        6.368172,
        3.702114,
        6.407763,
        6.454904,
        6.390942,
        3.712745,
        6.359121,
        6.412143,
        6.4111530000000005,
        3.627622,
        6.395013,
        6.396572,
        6.405483,
        3.722735,
        6.424843,
        6.435703,
        6.407953,
        3.662283
      ],
      [
        6.4120729999999995,
        6.393712,
        6.3908130000000005,
        3.769235,
        6.413983,
        6.402953,
        6.419933,
        3.679184,
        6.449843,
        6.334762,
        6.465934,
        3.711874,
        6.378932000000001,
        6.365272,
        6.393883000000001,
        3.721864,
        6.386352,
        6.433394,
        6.397293,
        3.675973,
        6.394302,
        6.3647219999999995,
        6.448954,
        3.712164,
        6.323121,
        6.361492,
        6.386361999999999,
        3.741735,
        6.403353,
        6.443003,
        6.403913,
        3.734895
      ],
      [
        6.432532999999999,
        6.448484,
        6.437004,
        3.770235,
        6.376032,
        6.406153000000001,
        6.397163,
        3.794496,
        6.387702,
        6.421754,
        6.380922,
        3.7817060000000002,
        6.359882,
        6.461464,
        6.420943,
        3.811707,
        6.397032,
        6.438174,
        6.429073000000001,
        3.7090539999999996,
        6.370862,
        6.427304,
        6.420993,
        3.8120570000000003,
        6.397022,
        6.377232,
        6.429614,
        3.8473669999999998,
        6.399153,
        6.378882,
        6.400773,
        3.760835
      ],
      [
        6.474824,
        6.363861999999999,
        6.357641,
        3.812337,
        6.4482740000000005,
        6.396313,
        6.497705000000001,
        3.815067,
        6.474174,
        6.504716,
        6.389222,
        3.833197,
        6.442194,
        6.408333000000001,
        6.414943,
        3.8396179999999998,
        6.434633000000001,
        6.411083,
        6.399672000000001,
        3.796867,
        6.383932,
        6.459084000000001,
        6.411563,
        3.812197,
        6.404153,
        6.445334,
        6.4250430000000005,
        3.226642,
        6.389431999999999,
        6.405082999999999,
        6.383212,
        3.803237
      ],
      [
        6.473434,
        6.419384,
        6.407392,
        3.868229,
        6.400602,
        6.395753,
        6.378812,
        3.864208,
        6.397893,
        6.422943,
        6.425333,
        3.338265,
        6.381492,
        6.391742,
        6.393723,
        3.817917,
        6.394922,
        6.360422,
        6.400722,
        3.840398,
        6.484284,
        6.385673,
        6.391471999999999,
        3.827377,
        6.434974,
        6.394512,
        6.395402,
        3.831478,
        6.353971,
        6.3908819999999995,
        6.396963,
        3.830797
      ],
      [
        6.414293,
        6.3669210000000005,
        6.447944,
        3.867198,
        6.435594,
        6.3483410000000005,
        6.417333,
        3.840497,
