{
  "backend": "hip",
  "correctness": {
    "nan_or_inf_detected": false,
    "verified": true
  },
  "decode": {
    "embedding_step_ms": [
      1.088152,
      1.327487,
      1.4894100000000001,
      1.185875,
      1.071412,
      1.112303,
      1.0707220000000002
    ],
    "end_to_end_generated_tps": 0.6062950399130486,
    "last_top_logits": [
      {
        "logit": 9.850553512573242,
        "token_id": 24
      }
    ],
    "layer_step_ms": [
      [
        6.467003,
        6.347341,
        6.391361,
        5.790349,
        6.395912,
        6.419172,
        6.422032000000001,
        5.82039,
        6.34951,
        6.429652999999999,
        6.414302,
        5.795299,
        6.434742,
        6.398242,
        6.4097420000000005,
        5.828919999999999,
        6.410202,
        6.375160999999999,
        6.454733,
        6.021173999999999,
        6.392951,
        6.383252,
        6.35201,
        5.948333,
        6.439282,
        6.403962,
        6.3681909999999995,
        5.782089,
        6.393962,
        6.402971,
        6.518134,
        5.965583
      ],
      [
        6.453913,
        6.437662,
        6.392712,
        5.872151,
        6.471283000000001,
        6.449863000000001,
        6.436482000000001,
        5.932472000000001,
        6.416272,
        6.431913,
        6.397971,
        6.256469,
        6.419592,
        6.435612,
        6.434683,
        5.866791,
        6.441092,
        6.4426630000000005,
        6.448822,
        6.212478,
        6.430103000000001,
        6.4065010000000004,
        6.469453,
        5.948593000000001,
        6.4451220000000005,
        6.431373,
        6.458552999999999,
        6.168547,
        6.409451,
        6.443593,
        6.465542999999999,
        5.81597
      ],
      [
        6.478104,
        6.442702,
        6.4268529999999995,
        6.34063,
        6.4537830000000005,
        6.424342,
        6.393432,
        6.360130000000001,
        6.469723999999999,
        6.433662,
        6.397702,
        6.320390000000001,
        6.389401,
        6.487174,
        6.438682,
        6.266529,
        6.411022,
        6.455353,
        6.433772,
        6.3125,
        6.415832,
        6.467753,
        6.436973,
        5.925262,
        6.34156,
        6.373381,
        6.456393,
        6.276519,
        6.396552,
        6.428102,
        6.386171,
        5.974723
      ],
      [
        6.509914,
        6.3723410000000005,
        6.425522,
        6.359181,
        6.355011,
        6.410022,
        6.414332,
        6.278879,
        6.377921,
        6.387921,
        6.416783,
        6.32874,
        6.358951,
        6.409531,
        6.391572,
        6.276168999999999,
        6.411682,
        6.406912,
        6.418222,
        6.292199,
        6.441713,
        6.426132,
        6.405852,
        6.31036,
        6.426112000000001,
        6.410032,
        6.4175320000000005,
        6.275328999999999,
        6.457733,
        6.396052,
        6.447192,
        6.250869
      ],
      [
        6.461133,
        6.376181,
        6.3742909999999995,
        6.427811999999999,
        6.398542,
        6.367261,
        6.424632000000001,
        6.28272,
        6.367521,
        6.374311,
        6.420541999999999,
        6.3693409999999995,
        6.4261420000000005,
        6.408442,
        6.417422,
        6.3586409999999995,
        6.403211,
        6.3997020000000004,
        6.381171,
        6.31721,
        6.371471,
        6.406942,
        6.399552,
        6.448962,
        6.429953,
        6.395961000000001,
        6.387862,
        6.34082,
        6.463253000000001,
        6.436152,
        6.419392,
        6.369101000000001
      ],
      [
        6.444333,
        6.435152,
        6.425852,
        6.352741,
        6.3916010000000005,
        6.408612,
        6.392242,
        6.3905710000000004,
        6.365861,
        6.406682,
        6.33761,
        6.384212,
        6.366639999999999,
        6.378222,
        6.422342,
        6.303869,
        6.385172,
        6.418092000000001,
        6.418912,
        6.357851,
        6.4194819999999995,
        6.371711,
        6.432442,
        6.423492,
        6.418902,
        6.416932,
        6.3551709999999995,
        6.382871,
        6.398402,
        6.375321,
        6.3322400000000005,
        6.453463
      ],
      [
        6.475964,
        6.402891,
        6.405692,
        6.463413,
        6.447843,
        6.434972,
        6.399412,
        6.431972,
        6.384061,
        6.349671000000001,
        6.3956919999999995,
        6.452282,
        6.363801,
        6.416692,
        6.459893,
        6.464713000000001,
        6.4250419999999995,
        6.441443,
        6.406221,
        6.436653,
        6.359971,
        6.462623,
        6.35759,
        6.412372,
        6.432312,
        6.359961,
        6.3841920000000005,
        6.416032,
        6.3983110000000005,
        6.377032000000001,
        6.393191000000001,
        6.421202
      ]
    ],
    "layers_step_ms": [
      200.72855,
      202.546548,
      204.017438,
      204.268533,
      204.627309,
      204.56897800000002,
      205.234972
    ],
    "lm_head_step_ms": [
      7.177858,
      7.28583,
      7.144107,
      7.0927359999999995,
      7.083806,
      7.064985,
      7.1638079999999995
    ],
    "positions": [
      16,
      17,
      18,
      19,
      20,
      21,
      22
    ],
    "requested_generated_tokens": 8,
    "step_wall_ms": [
      208.99572,
      211.161855,
      212.652165,
      212.548344,
      212.78358699999998,
      212.747286,
      213.470522
    ],
    "timed_incremental_steps": 7,
    "timed_step_tps": 4.715838783685903,
    "wall_ms": 1484.359479
  },
  "decode_mode": "hybrid_incremental_greedy",
  "device_index": 2,
  "device_name": "AMD Radeon Graphics",
  "device_total_global_mem": 34208743424,
  "final_sequence_len": 24,
  "generated_token_ids": [
    17,
    18,
    19,
    20,
    21,
    22,
    23,
    24
  ],
  "git_commit": "e6b065a9928f24a2051b4d3d27215034beafdd15",
  "hidden": 4096,
  "incremental_decode": true,
  "layer_kinds": [
    "linear_attention",
    "linear_attention",
    "linear_attention",
    "self_attention",
    "linear_attention",
    "linear_attention",
    "linear_attention",
    "self_attention",
    "linear_attention",
    "linear_attention",
    "linear_attention",
    "self_attention",
    "linear_attention",
    "linear_attention",
    "linear_attention",
    "self_attention",
    "linear_attention",
    "linear_attention",
    "linear_attention",
    "self_attention",
    "linear_attention",
    "linear_attention",
    "linear_attention",
    "self_attention",
    "linear_attention",
    "linear_attention",
    "linear_attention",
    "self_attention",
    "linear_attention",
    "linear_attention",
    "linear_attention",
    "self_attention"
  ],
  "layers": [
    0,
    1,
    2,
    3,
    4,
    5,
    6,
    7,
    8,
    9,
    10,
    11,
    12,
    13,
    14,
    15,
    16,
    17,
    18,
    19,
    20,
    21,
    22,
    23,
    24,
    25,
    26,
    27,
    28,
    29,
    30,
    31
  ],
  "lm_head_chunk_rows": 8192,
  "lm_head_runtime": {
    "dtype": "BF16",
    "hidden": 4096,
    "load_ms": 5732.31191,
    "matrix_bytes": 4068474880,
    "mode": "gpu_resident_f32",
    "shape": [
      248320,
      4096
    ],
    "tensor": "lm_head.weight",
    "vocab": 248320
  },
  "memory": {
    "block_size": 24,
    "cache_blocks": 1,
    "kv_cache_allocated_blocks": 8,
    "kv_cache_block_size": 24,
    "kv_cache_bytes": 1572864,
    "kv_cache_free_blocks": 0,
    "kv_cache_self_attn_layers": 8,
    "kv_cache_value_dtype": "f32",
    "vram_baseline_bytes": null,
    "vram_consumed_bytes": null,
    "vram_peak_bytes": null
  },