{
  "backend": "hip",
  "correctness": {
    "nan_or_inf_detected": false,
    "verified": true
  },
  "decode": {
    "embedding_step_ms": [
      1.133562,
      1.1065109999999998,
      1.10133,
      1.116471,
      1.10084,
      1.1010410000000002,
      1.10771
    ],
    "end_to_end_generated_tps": 0.6903246016038354,
    "last_top_logits": [
      {
        "logit": 9.850550651550293,
        "token_id": 24
      }
    ],
    "layer_step_ms": [
      [
        10.70314,
        6.0773340000000005,
        5.953692,
        3.0810880000000003,
        5.937780999999999,
        5.973972,
        5.915061,
        3.096288,
        16.136082,
        52.930983,
        17.215412999999998,
        7.287376,
        7.189195,
        7.2122649999999995,
        7.148814,
        3.555557,
        6.077304000000001,
        5.947941,
        5.9112610000000005,
        3.141699,
        5.937561,
        5.955661999999999,
        5.974412,
        3.019517,
        5.982452,
        5.953841,
        5.923992,
        3.031596,
        5.936892,
        5.920401,
        5.981952,
        3.036407
      ],
      [
        6.0110019999999995,
        5.975272,
        5.934021,
        3.053798,
        5.955261,
        5.975082,
        5.944242,
        3.4238340000000003,
        5.962802,
        6.034993,
        5.967072,
        3.0663769999999997,
        5.984922999999999,
        5.934721,
        6.030423,
        3.1400289999999997,
        5.988602,
        5.966102,
        5.910071,
        3.167309,
        5.986412,
        5.962892,
        5.898200999999999,
        3.0776969999999997,
        5.985113,
        6.043202999999999,
        5.926660999999999,
        3.035697,
        5.949781000000001,
        5.979623,
        5.958711,
        3.0522180000000003
      ],
      [
        6.077853999999999,
        5.939992,
        5.965301,
        3.502286,
        5.959232,
        5.940161,
        6.0238130000000005,
        3.490406,
        5.967421,
        5.9276219999999995,
        5.933101,
        3.5021649999999998,
        5.917922,
        5.953411,
        5.944382,
        3.4927449999999998,
        5.937731,
        5.9605120000000005,
        5.976022,
        3.546997,
        6.043773,
        5.962082,
        6.022462999999999,
        3.473295,
        5.960042,
        5.963481,
        5.999153,
        3.312842,
        5.937741,
        5.950212,
        5.951101,
        3.455585
      ],
      [
        5.9639619999999995,
        5.938031,
        5.955632,
        3.560076,
        5.925781,
        5.930382,
        5.953411,
        3.5495069999999997,
        6.0007719999999996,
        5.967372,
        5.932360999999999,
        3.310362,
        5.964131999999999,
        5.925531,
        5.911200999999999,
        3.536426,
        5.984323,
        5.942411,
        5.950252,
        3.4798649999999998,
        5.9189810000000005,
        5.951561,
        5.979042000000001,
        3.558317,
        5.9422820000000005,
        5.9117299999999995,
        5.922622,
        3.545156,
        5.9207909999999995,
        5.940690999999999,
        5.883781,
        3.5296860000000003
      ],
      [
        6.002213,
        5.911851,
        5.960451,
        3.2746619999999997,
        5.926471,
        5.930691,
        5.975582,
        3.562197,
        5.875,
        5.946461,
        5.924081,
        3.6595389999999997,
        5.988172,
        5.962362,
        5.958302000000001,
        3.579887,
        5.8976310000000005,
        5.945501,
        6.002863,
        3.6253480000000002,
        5.926271000000001,
        5.995472,
        5.947522,
        3.5788870000000004,
        5.979642,
        5.930371,
        6.022533,
        3.6197880000000002,
        5.979512000000001,
        5.924821000000001,
        5.961082,
        3.608497
      ],
      [
        5.938231,
        5.921461,
        5.967601999999999,
        3.635568,
        5.927951,
        5.951302,
        5.964742,
        3.2974509999999997,
        5.940892,
        5.939361,
        5.953742,
        3.659618,
        5.881990999999999,
        5.894080000000001,
        5.966572,
        3.600928,
        5.969431,
        5.943442,
        5.979252,
        3.614408,
        5.89468,
        5.968872,
        5.956042,
        3.6104879999999997,
        5.954651,
        5.916241,
        5.904981,
        3.6362780000000003,
        5.978192,
        5.999443,
        5.9403809999999995,
        3.665799
      ],
      [
        5.958991999999999,
        5.972042,
        5.963241999999999,
        3.676609,
        5.943041,
        5.955012,
        5.938941,
        3.672679,
        6.020443,
        5.916841,
        5.916531,
        3.702869,
        5.964062,
        5.928751,
        5.960952000000001,
        3.613068,
        5.971692,
        5.949851,
        5.948872,
        3.650718,
        5.913081,
        5.951592000000001,
        5.8756900000000005,
        3.71866,
        5.953961,
        5.919481,
        5.932321,
        3.71827,
        5.918731,
        5.964542,
        5.935331000000001,
        3.632188
      ]
    ],
    "layers_step_ms": [
      249.14942100000002,
      168.284155,
      170.993026,
      170.68821,
      171.385393,
      171.375853,
      172.06052599999998
    ],
    "lm_head_step_ms": [
      7.091513,
      7.049542,
      7.074063000000001,
      7.074272000000001,
      7.078423000000001,
      7.039312,
      7.074643
    ],
    "positions": [
      16,
      17,
      18,
      19,
      20,
      21,
      22
    ],
    "requested_generated_tokens": 8,
    "step_wall_ms": [
      257.375606,
      176.441798,
      179.169339,
      178.880064,
      179.565896,
      179.51757600000002,
      180.243909
    ],
    "step_wall_summary": {
      "all_step_tps": 5.258436419796027,
      "count": 7,
      "last_4_step_count": 4,
      "last_4_step_tps": 5.569421519989953,
      "last_8_step_count": 7,
      "last_8_step_tps": 5.258436419796027,
      "max_ms": 257.375606,
      "mean_ms": 190.1705982857143,
      "min_ms": 176.441798,
      "p50_ms": 179.51757600000002,
      "wall_ms": 1331.1941880000002,
      "warmup_skip_1_step_count": 6,
      "warmup_skip_1_step_tps": 5.587536014533225,
      "warmup_skip_2_step_count": 5,
      "warmup_skip_2_step_tps": 5.571795581464474
    },
    "timed_incremental_steps": 7,
    "timed_step_tps": 5.258436419796027,
    "wall_ms": 1331.1941880000002
  },
  "decode_mode": "hybrid_incremental_greedy",
  "device_index": 2,
  "device_name": "AMD Radeon Graphics",
  "device_total_global_mem": 34208743424,
  "final_sequence_len": 24,
  "generated_token_ids": [
    17,
    18,
    19,
    20,
    21,
    22,
    23,
    24
  ],
  "git_commit": "242e1336e372aee35262f473f8a5f86bb3b297f7",
  "hidden": 4096,
  "incremental_decode": true,
  "layer_kinds": [
    "linear_attention",
    "linear_attention",
    "linear_attention",
    "self_attention",
    "linear_attention",
    "linear_attention",
    "linear_attention",
    "self_attention",
    "linear_attention",
    "linear_attention",
    "linear_attention",
    "self_attention",
    "linear_attention",
    "linear_attention",
    "linear_attention",
    "self_attention",
    "linear_attention",
    "linear_attention",
    "linear_attention",
    "self_attention",
    "linear_attention",
    "linear_attention",
    "linear_attention",
    "self_attention",
    "linear_attention",
    "linear_attention",
    "linear_attention",
    "self_attention",
    "linear_attention",
    "linear_attention",
    "linear_attention",
    "self_attention"
  ],
  "layers": [
    0,
    1,
    2,
    3,
    4,
    5,
    6,
    7,
    8,
    9,
    10,
    11,
    12,
    13,
    14,
    15,
    16,
    17,
    18,
    19,
    20,
    21,
    22,
    23,
    24,
    25,
    26,
    27,
    28,
    29,
    30,
    31
  ],
  "lm_head_chunk_rows": 8192,