{
  "backend": "hip",
  "correctness": {
    "nan_or_inf_detected": false,
    "verified": true
  },
  "decode": {
    "embedding_step_ms": [
      1.1552120000000001,
      1.480718,
      1.252724,
      1.124142,
      1.110291,
      1.5626399999999998,
      1.463748
    ],
    "end_to_end_generated_tps": 0.7099824045610914,
    "last_top_logits": [
      {
        "logit": 11.178153991699219,
        "token_id": 87197
      }
    ],
    "layer_step_ms": [
      [
        6.527145,
        6.479294,
        6.491124,
        5.613847,
        6.492834,
        6.415462000000001,
        6.465114,
        5.686948,
        6.527435,
        6.462893,
        6.572836000000001,
        5.670498,
        6.488423999999999,
        6.441033,
        6.523844,
        5.712559,
        6.435703,
        6.482863999999999,
        6.498784,
        5.601947,
        6.4510629999999995,
        6.443153,
        6.454004,
        5.637397,
        6.508314,
        6.546275,
        6.5251850000000005,
        5.76813,
        6.484094,
        6.513554,
        6.547575,
        5.7980410000000004
      ],
      [
        6.520105,
        6.515974,
        6.441453,
        5.7202090000000005,
        6.4587840000000005,
        6.441683,
        6.448953,
        5.665728,
        6.448403,
        6.455163,
        6.416843,
        5.680858,
        6.4189929999999995,
        6.426263,
        6.497484,
        5.781610000000001,
        6.430883,
        6.447413,
        6.566525,
        5.700719,
        6.451093,
        6.423913,
        6.462333,
        5.566345999999999,
        6.433293,
        6.441173,
        6.474704,
        5.631727,
        6.443423,
        6.440383,
        6.485664000000001,
        5.623347
      ],
      [
        6.455993,
        6.409292,
        6.428223,
        5.632537,
        6.433853,
        6.449253000000001,
        6.422383,
        5.711119,
        6.437183,
        6.425822999999999,
        6.424042,
        5.628338,
        6.453263,
        6.373912,
        6.397632000000001,
        5.694618,
        6.399353,
        6.423102,
        6.438893,
        5.6549879999999995,
        6.424823,
        6.4169220000000005,
        6.496614,
        5.656988,
        6.391462,
        6.410723,
        6.455573,
        5.635257999999999,
        6.440213,
        6.419882,
        6.409782,
        5.72996
      ],
      [
        6.450203,
        6.413932,
        6.362272000000001,
        5.604337,
        6.400292,
        6.380071,
        6.406093,
        5.581206,
        6.428053,
        6.430933,
        6.449393000000001,
        5.724179,
        6.373352,
        6.332911,
        6.385052,
        5.633747,
        6.427773,
        6.414482,
        6.436583,
        5.7223999999999995,
        6.404542,
        6.4619029999999995,
        6.386122,
        5.7060189999999995,
        6.381792,
        6.401822,
        6.377772,
        5.624897,
        6.4096530000000005,
        6.404352,
        6.413982000000001,
        5.676749
      ],
      [
        6.439743,
        6.416732,
        6.372762,
        5.604096999999999,
        6.419371999999999,
        6.385502000000001,
        6.421413,
        5.631477,
        6.416493,
        6.476744,
        6.616175999999999,
        5.9055729999999995,
        6.416722,
        6.477384,
        6.469783,
        5.8351619999999995,
        6.447163,
        6.491944,
        6.429792,
        5.821172000000001,
        6.429602,
        6.443293,
        6.404513,
        5.8389109999999995,
        6.486663999999999,
        6.442973,
        6.507214,
        5.793381,
        6.468623,
        6.469184,
        6.361341,
        5.7790610000000004
      ],
      [
        6.439183,
        6.399622,
        6.501544,
        5.8012109999999995,
        6.421543,
        6.467783000000001,
        6.436583,
        5.74383,
        6.418532,
        6.3847119999999995,
        6.389642,
        5.74493,
        6.405372000000001,
        6.458153,
        6.423493,
        5.776619999999999,
        6.361091,
        6.454974,
        6.453503,
        5.76208,
        6.409312,
        6.415592999999999,
        6.478903,
        5.934964,
        6.404262,
        6.447143,
        6.433123,
        5.907702,
        6.427113,
        6.388961999999999,
        6.385312,
        5.818121
      ],
      [
        6.427162,
        6.443652999999999,
        6.434523,
        5.799281,
        6.392722,
        6.477494,
        6.414652,
        5.76725,
        6.402862,
        6.399202,
        6.396223,
        5.79812,
        6.452103,
        6.399513,
        6.435752,
        5.833212,
        6.413042,
        6.409192,
        6.427453,
        5.972234,
        6.441123,
        6.416163,
        6.393542,
        5.920433,
        6.452893,
        6.420892,
        6.492474,
        5.853372,
        6.565874999999999,
        6.433823,
        6.435023,
        5.7777
      ]
    ],
    "layers_step_ms": [
      201.26998300000002,
      200.363695,
      199.58409999999998,
      199.008969,
      200.923696,
      200.69832100000002,
      201.102518
    ],
    "lm_head_step_ms": [
      7.180967,
      7.137277,
      7.078925,
      7.063255,
      7.314038999999999,
      7.217068,
      7.169967
    ],
    "positions": [
      8,
      9,
      10,
      11,
      12,
      13,
      14
    ],
    "requested_generated_tokens": 8,
    "step_wall_ms": [
      209.607522,
      208.98301999999998,
      207.917549,
      207.197336,
      209.349596,
      209.479469,
      209.738203
    ],
    "timed_incremental_steps": 7,
    "timed_step_tps": 4.787068803196111,
    "wall_ms": 1462.2726949999997
  },
  "decode_mode": "hybrid_incremental_greedy",
  "device_index": 2,
  "device_name": "AMD Radeon Graphics",
  "device_total_global_mem": 34208743424,
  "final_sequence_len": 16,
  "generated_token_ids": [
    32948,
    11877,
    33898,
    2110,
    72840,
    64102,
    25223,
    87197
  ],
  "git_commit": "e6b065a9928f24a2051b4d3d27215034beafdd15",
  "hidden": 4096,
  "incremental_decode": true,
  "layer_kinds": [
    "linear_attention",
    "linear_attention",
    "linear_attention",
    "self_attention",
    "linear_attention",
    "linear_attention",
    "linear_attention",
    "self_attention",
    "linear_attention",
    "linear_attention",
    "linear_attention",
    "self_attention",
    "linear_attention",
    "linear_attention",
    "linear_attention",
    "self_attention",
    "linear_attention",
    "linear_attention",
    "linear_attention",
    "self_attention",
    "linear_attention",
    "linear_attention",
    "linear_attention",
    "self_attention",
    "linear_attention",
    "linear_attention",
    "linear_attention",
    "self_attention",
    "linear_attention",
    "linear_attention",
    "linear_attention",
    "self_attention"
  ],
  "layers": [
    0,
    1,
    2,
    3,
    4,
    5,
    6,
    7,
    8,
    9,
    10,
    11,
    12,
    13,
    14,
    15,
    16,
    17,
    18,
    19,
    20,
    21,
    22,
    23,
    24,
    25,
    26,
    27,
    28,
    29,
    30,
    31
  ],
  "lm_head_chunk_rows": 8192,
  "lm_head_runtime": {
    "dtype": "BF16",
    "hidden": 4096,
    "load_ms": 5136.425097,
    "matrix_bytes": 4068474880,
    "mode": "gpu_resident_f32",
    "shape": [
      248320,
      4096
    ],
    "tensor": "lm_head.weight",
    "vocab": 248320
  },
  "memory": {
    "block_size": 16,
    "cache_blocks": 1,
    "kv_cache_allocated_blocks": 8,
    "kv_cache_block_size": 16,
    "kv_cache_bytes": 1048576,
    "kv_cache_free_blocks": 0,
    "kv_cache_self_attn_layers": 8,
    "kv_cache_value_dtype": "f32",
    "vram_baseline_bytes": null,
    "vram_consumed_bytes": null,
    "vram_peak_bytes": null
  },