{
  "backend": "hip",
  "correctness": {
    "nan_or_inf_detected": false,
    "verified": true
  },
  "decode": {
    "embedding_step_ms": [
      1.419766,
      1.460418,
      1.382746,
      1.312185,
      1.288244,
      1.308765,
      1.3279640000000001,
      1.299814,
      1.459878,
      1.3234650000000001,
      1.347945,
      1.117261,
      1.122481,
      1.109681,
      1.08341
    ],
    "end_to_end_generated_tps": 1.2405952697914873,
    "last_top_logits": [
      {
        "logit": 8.611008644104004,
        "token_id": 70182
      }
    ],
    "layer_step_ms": [
      [
        5.950702000000001,
        5.951142000000001,
        5.9477210000000005,
        3.129579,
        5.90349,
        6.006583,
        6.002803,
        3.112428,
        5.985011999999999,
        5.9889920000000005,
        5.979761999999999,
        3.047097,
        6.007343,
        5.959782000000001,
        5.979812,
        3.028037,
        5.987912,
        5.967461999999999,
        5.930351,
        3.0137660000000004,
        6.045114,
        6.043413,
        5.968462,
        3.19324,
        6.004302,
        6.013663,
        5.994511999999999,
        3.1334090000000003,
        5.977822,
        5.935822,
        5.966971,
        3.4089039999999997
      ],
      [
        5.986782000000001,
        6.004482,
        5.978092,
        3.048028,
        6.0694729999999995,
        6.084214,
        5.970422,
        3.1188689999999997,
        5.9563109999999995,
        5.950001,
        5.894881,
        3.169459,
        5.984132,
        5.944992,
        5.933941,
        3.1698389999999996,
        5.964632,
        5.983272,
        5.945002,
        3.166289,
        6.024273,
        5.963252,
        5.991652,
        3.160679,
        6.005373,
        5.971372,
        5.956201,
        3.145949,
        5.928161,
        6.021013000000001,
        5.976152,
        3.099719
      ],
      [
        5.999503,
        6.0007719999999996,
        5.994913,
        3.324342,
        5.937261,
        5.994603000000001,
        6.045143,
        3.530586,
        5.970782,
        5.977352,
        5.926901,
        3.306182,
        5.999753,
        6.000912,
        5.977612000000001,
        3.4625250000000003,
        5.9481020000000004,
        5.947191,
        5.976821999999999,
        3.600748,
        6.019731999999999,
        5.983053,
        6.005362,
        3.388504,
        6.005172,
        6.004913,
        6.008252000000001,
        3.538437,
        6.029163,
        6.021893,
        6.028113,
        3.21201
      ],
      [
        5.995672,
        5.940022,
        5.991742,
        3.5719469999999998,
        5.915341,
        5.947301,
        5.986413000000001,
        3.549626,
        5.994472,
        6.017573,
        5.939802,
        3.578867,
        5.981322,
        5.950451,
        5.967672,
        3.543567,
        5.969452,
        5.976062,
        5.936501000000001,
        3.503646,
        6.077263,
        5.943012,
        6.034002999999999,
        3.552117,
        6.010632,
        5.952132,
        5.986682,
        3.573557,
        5.931630999999999,
        6.0346530000000005,
        5.945482,
        3.565027
      ],
      [
        6.0101629999999995,
        5.985552,
        5.947621,
        3.610598,
        5.9138209999999996,
        5.950241,
        5.941662,
        3.123358,
        5.974672,
        5.985643,
        5.995432,
        3.606488,
        5.994852,
        5.980982,
        5.955522,
        3.591947,
        5.977691999999999,
        5.958662,
        6.025633,
        3.6483980000000003,
        5.945652,
        5.955831,
        5.9409220000000005,
        3.608437,
        5.941882,
        5.986962,
        5.943441,
        3.598838,
        5.946581,
        5.965912,
        5.9943219999999995,
        3.621568
      ],
      [
        6.038603,
        5.969452,
        5.945511,
        3.677689,
        5.943542,
        5.980472,
        5.88362,
        3.641848,
        5.972192000000001,
        5.947272,
        5.9923720000000005,
        3.638508,
        5.961882,
        5.937541,
        5.948352,
        3.6392379999999998,
        5.979182000000001,
        6.020913,
        5.963801999999999,
        3.624918,
        5.9209309999999995,
        5.9853119999999995,
        5.926171,
        3.71461,
        5.972042,
        6.018962,
        5.983433,
        3.163009,
        5.931871,
        5.974802,
        5.966502,
        3.670209
      ],
      [
        6.037103999999999,
        5.964562,
        5.958051,
        3.686079,
        5.930322,
        5.967191000000001,
        5.940492000000001,
        3.7599500000000003,
        5.919441,
        5.943702,
        5.954811,
        3.686689,
        5.985533,
        6.012792,
        6.045834,
        3.7454799999999997,
        5.983212,
        6.019253,
        5.973331999999999,
        3.73269,
        5.9393709999999995,
        5.917811,
        5.931571,
        3.683989,
        6.019133,
        6.054164,
        5.950221,
        3.690419,
        5.994033,
        6.013482,
        6.0002629999999995,
        3.74497
      ],
      [
        6.027223,
        5.975562,
        5.992802999999999,
        3.734369,
        5.997243,
        6.040113,
        6.014333000000001,
        3.827972,
        5.967962,
        5.941441,
        5.9611220000000005,
        3.794711,
        5.989572,
        5.9437120000000006,
        5.974251,
        3.802471,
        6.028283,
        5.954091,
        6.031223,
        3.761881,
        6.029123,
        5.958052,
        6.071213,
        3.8067420000000003,
        5.952841,
        5.952602000000001,
        5.986392,
        3.823632,
        5.9456109999999995,
        5.960762,
        6.004663000000001,
        3.76223
      ],
      [
        6.054473000000001,
        5.989352,
        5.948012,
        3.865642,
        6.006183,
        5.956762,
        5.969472,
        3.799971,
        5.990632,
        6.003643,
        5.999662,
        3.820652,
        5.951220999999999,
        6.0097830000000005,
        5.985412,
        3.2175,
        5.958172,
        5.969042,
        5.982832,
        3.789371,
        5.998803,
        6.019572,
        5.939842,
        3.845502,
        5.982632,
        5.949432,
        5.979582,
        3.862012,
        5.939711,
        6.008223,
        5.960542,
        3.8043109999999998
      ],
      [
        6.007452,
        6.000133,
        5.979962,
        3.856192,
        6.0190529999999995,
        5.996002000000001,
        5.9830630000000005,
        3.837912,
        5.980612,
        5.976652,
        5.956881,
        3.879963,
        5.941631,
        5.987093,
        5.939581,
        3.8702929999999998,
        5.998112,
        5.980582,
        6.008223,
        3.866742,
        6.0447940000000004,
        5.937920999999999,
        5.985122,
        3.836492,
        6.023143,
        6.011493,
        6.001682000000001,
        3.878283,
        5.992382,
        6.004193,
        5.973102,
        3.892263
      ],
      [
        6.035873,
        5.926501,
        5.941101,
        3.897924,
        5.977722,
        5.920681,
        5.919630000000001,
        3.901004,
        5.946801,
        5.940830999999999,
        5.967072,
        3.929434,
        5.958172,
        5.961801,
        5.965742,
        3.860883,
        5.979992,
        5.971592,
        5.901789999999999,
        3.871443,
        5.937701,
        5.944732,
        5.950421,
        3.838962,
        5.87687,
        5.938712,
        5.981962,
        3.857132,
        5.933561,
        5.9073709999999995,
        5.941021,
        3.843892
      ],
      [
        5.993822000000001,
        5.941452,
        5.917491,
        3.8830620000000002,
        5.947632,
        5.948891000000001,
        6.003383,
        3.923574,
