{
  "backend": "hip",
  "correctness": {
    "nan_or_inf_detected": false,
    "verified": true
  },
  "decode": {
    "embedding_step_ms": [
      1.0771730000000002,
      1.046752,
      1.050743,
      1.053002,
      1.054353,
      1.0275219999999998,
      1.056382
    ],
    "end_to_end_generated_tps": 0.6418537110016294,
    "last_top_logits": [
      {
        "logit": 9.850549697875977,
        "token_id": 24
      }
    ],
    "layer_step_ms": [
      [
        6.531458000000001,
        6.465547,
        6.452177,
        5.8819550000000005,
        6.397736,
        6.462937,
        6.422846000000001,
        5.871474,
        6.465527000000001,
        6.453597,
        6.4761180000000005,
        5.783022,
        6.447057,
        6.455736999999999,
        6.421806,
        5.821803,
        6.479858,
        6.459017,
        6.434696,
        5.795433,
        6.418936,
        6.437207000000001,
        6.426856,
        5.800153,
        6.450267,
        6.488137,
        6.437817,
        5.772622,
        6.422777,
        6.463667,
        6.475307,
        5.870415
      ],
      [
        6.453657,
        6.459467,
        6.482477,
        6.189541,
        6.408676000000001,
        6.448237,
        6.399316000000001,
        5.741211000000001,
        6.442876999999999,
        6.430496,
        6.4181669999999995,
        5.7712520000000005,
        6.414396,
        6.472067,
        6.437347000000001,
        5.763352,
        6.406366,
        6.454347,
        6.448106,
        6.174911,
        6.407936,
        6.428277,
        6.423255999999999,
        5.817133,
        6.5367690000000005,
        6.375955,
        6.411946,
        6.087759,
        6.445857,
        6.424486,
        6.456567,
        5.872584
      ],
      [
        6.4546969999999995,
        6.4114059999999995,
        6.480737,
        6.261193,
        6.419696,
        6.407346,
        6.4659770000000005,
        6.199021,
        6.464187,
        6.465918,
        6.4628369999999995,
        6.217361,
        6.437036999999999,
        6.426046,
        6.445027,
        6.2816030000000005,
        6.4968379999999994,
        6.467537,
        6.515718000000001,
        6.171730999999999,
        6.470457,
        6.4770579999999995,
        6.474977,
        5.808873,
        6.429107,
        6.394375,
        6.438757,
        6.227642,
        6.425176,
        6.458056999999999,
        6.4495569999999995,
        6.1989410000000005
      ],
      [
        6.56661,
        6.483867,
        6.4551870000000005,
        6.270413,
        6.425856,
        6.4885280000000005,
        6.468197,
        6.316053999999999,
        6.4782470000000005,
        6.498418,
        6.417926,
        6.251023,
        6.413615999999999,
        6.427866,
        6.488478,
        6.290803,
        6.452337,
        6.455217,
        6.4432860000000005,
        6.314184,
        6.472177,
        6.493078000000001,
        6.483058,
        6.293303,
        6.441676999999999,
        6.446466,
        6.439457,
        6.224512,
        6.423566,
        6.466087,
        6.409766,
        6.283853
      ],
      [
        6.507458,
        6.503357,
        6.456767,
        6.254803,
        6.461157,
        6.450307,
        6.493447000000001,
        6.339804999999999,
        6.443176,
        6.401966,
        6.396596,
        6.333074,
        6.461057,
        6.431826,
        6.419826,
        6.328164,
        6.423617,
        6.426146,
        6.464646999999999,
        6.374065,
        6.420586,
        6.426356,
        6.412796,
        6.294714,
        6.443156,
        6.396606,
        6.446737,
        6.309233,
        6.424677,
        6.429196,
        6.466657,
        6.310974
      ],
      [
        6.444577,
        6.513558,
        6.455907000000001,
        6.338354,
        6.420436,
        6.428746,
        6.477618,
        6.407676,
        6.427656000000001,
        6.485467,
        6.477938,
        6.393485,
        6.494738,
        6.450307,
        6.432466000000001,
        6.343125,
        6.417496,
        6.479917,
        6.469876999999999,
        6.391356,
        6.436316,
        6.469107,
        6.425946,
        6.331404,
        6.465858,
        6.404415,
        6.4622969999999995,
        6.391136,
        6.422156,
        6.479497,
        6.491448,
        6.355745000000001
      ],
      [
        6.463457,
        6.458207,
        6.461347,
        6.464537,
        6.462136999999999,
        6.486986999999999,
        6.456607,
        6.463367,
        6.4578370000000005,
        6.423736,
        6.4703479999999995,
        6.398585,
        6.422955999999999,
        6.445177,
        6.466617,
        6.4216359999999995,
        6.434467,
        6.455217,
        6.411474999999999,
        6.372415999999999,
        6.441065999999999,
        6.5106779999999995,
        6.423896,
        6.334905,
        6.4438960000000005,
        6.4660969999999995,
        6.480858,
        6.398355,
        6.472878,
        6.474467000000001,
        6.485277,
        6.424545999999999
      ]
    ],
    "layers_step_ms": [
      201.445772,
      201.906591,
      204.20672000000002,
      205.28491300000002,
      205.154839,
      205.887955,
      206.256772
    ],
    "lm_head_step_ms": [
      7.07297,
      7.07433,
      7.0593699999999995,
      7.029479,
      7.0581890000000005,
      7.120421,
      7.05544
    ],
    "positions": [
      16,
      17,
      18,
      19,
      20,
      21,
      22
    ],
    "requested_generated_tokens": 8,
    "step_wall_ms": [
      209.597605,
      210.028943,
      212.317873,
      213.368854,
      213.268481,
      214.036948,
      214.370054
    ],
    "timed_incremental_steps": 7,
    "timed_step_tps": 4.7075002836033555,
    "wall_ms": 1486.988758
  },
  "decode_mode": "hybrid_incremental_greedy",
  "device_index": 2,
  "device_name": "AMD Radeon Graphics",
  "device_total_global_mem": 34208743424,
  "final_sequence_len": 24,
  "generated_token_ids": [
    17,
    18,
    19,
    20,
    21,
    22,
    23,
    24
  ],
  "git_commit": "e6b065a9928f24a2051b4d3d27215034beafdd15",
  "hidden": 4096,
  "incremental_decode": true,
  "layer_kinds": [
    "linear_attention",
    "linear_attention",
    "linear_attention",
    "self_attention",
    "linear_attention",
    "linear_attention",
    "linear_attention",
    "self_attention",
    "linear_attention",
    "linear_attention",
    "linear_attention",
    "self_attention",
    "linear_attention",
    "linear_attention",
    "linear_attention",
    "self_attention",
    "linear_attention",
    "linear_attention",
    "linear_attention",
    "self_attention",
    "linear_attention",
    "linear_attention",
    "linear_attention",
    "self_attention",
    "linear_attention",
    "linear_attention",
    "linear_attention",
    "self_attention",
    "linear_attention",
    "linear_attention",
    "linear_attention",
    "self_attention"
  ],
  "layers": [
    0,
    1,
    2,
    3,
    4,
    5,
    6,
    7,
    8,
    9,
    10,
    11,
    12,
    13,
    14,
    15,
    16,
    17,
    18,
    19,
    20,
    21,
    22,
    23,
    24,
    25,
    26,
    27,
    28,
    29,
    30,
    31
  ],
  "lm_head_chunk_rows": 8192,
  "lm_head_runtime": {
    "dtype": "BF16",
    "hidden": 4096,
    "load_ms": 5054.32315,
    "matrix_bytes": 4068474880,
    "mode": "gpu_resident_f32",
    "shape": [
      248320,
      4096
    ],
    "tensor": "lm_head.weight",
    "vocab": 248320
  },
  "memory": {
    "block_size": 24,
    "cache_blocks": 1,
    "kv_cache_allocated_blocks": 8,
    "kv_cache_block_size": 24,
    "kv_cache_bytes": 1572864,
    "kv_cache_free_blocks": 0,
    "kv_cache_self_attn_layers": 8,
    "kv_cache_value_dtype": "f32",
    "vram_baseline_bytes": null,
    "vram_consumed_bytes": null,
    "vram_peak_bytes": null
  },