{
  "backend": "hip",
  "correctness": {
    "nan_or_inf_detected": false,
    "verified": true
  },
  "decode": {
    "embedding_step_ms": [
      1.172393,
      1.1316620000000002,
      1.214814,
      1.225374,
      1.111451,
      1.0937709999999998,
      1.097941
    ],
    "end_to_end_generated_tps": 0.6004495024870456,
    "last_top_logits": [
      {
        "logit": 9.85055160522461,
        "token_id": 24
      }
    ],
    "layer_step_ms": [
      [
        6.470994,
        6.386083,
        6.353752,
        5.832222,
        6.382142,
        6.403473,
        6.352212000000001,
        5.860683,
        6.387142,
        6.402643,
        6.385953,
        5.859383,
        6.373142,
        6.381983,
        6.418463,
        5.830302,
        6.3840520000000005,
        6.388213,
        6.379103,
        5.832202,
        6.431343,
        6.4182429999999995,
        6.4426939999999995,
        5.963105,
        6.363022,
        6.376232,
        6.362163,
        5.818671,
        6.422564,
        6.431593,
        6.334782,
        5.808381
      ],
      [
        6.415373000000001,
        6.393483,
        6.393633,
        5.875603,
        6.464244,
        6.430263,
        6.481235,
        5.886283,
        6.3831620000000004,
        6.460514,
        6.460184,
        5.922454,
        6.392793,
        6.438384,
        6.417662999999999,
        5.842062,
        6.382022999999999,
        6.415793000000001,
        6.415863,
        5.857993,
        6.406953,
        6.445883,
        6.377023,
        5.799391,
        6.464884,
        6.406183,
        6.408844,
        5.784351,
        6.381962,
        6.457114,
        6.474365000000001,
        5.870392000000001
      ],
      [
        6.448554,
        6.464284,
        6.440913,
        6.3199320000000005,
        6.465154,
        6.399433,
        6.403093,
        5.844142,
        6.434444,
        6.438353,
        6.398473,
        6.122238,
        6.449374,
        6.3791020000000005,
        6.375923,
        6.232829,
        6.400313000000001,
        6.407432999999999,
        6.472365,
        5.926273,
        6.415634,
        6.443723,
        6.387293,
        6.25855,
        6.4229639999999995,
        6.466614,
        6.404783,
        6.164808,
        6.378283000000001,
        6.403512999999999,
        6.395933,
        6.237159
      ],
      [
        6.426203,
        6.410173,
        6.461084,
        6.307692,
        6.399013,
        6.434353000000001,
        6.422333,
        6.267321,
        6.372491999999999,
        6.4137129999999996,
        6.456544,
        6.254741,
        6.382992,
        6.400713,
        6.367812,
        6.305111,
        6.422074,
        6.3971219999999995,
        6.4457439999999995,
        6.3393820000000005,
        6.445944,
        6.393112,
        6.344092,
        6.283521,
        6.3836129999999995,
        6.344211,
        6.420694,
        6.355932,
        6.399193,
        6.369402,
        6.401813,
        6.331721
      ],
      [
        6.450484,
        6.369932,
        6.421633000000001,
        6.397463,
        6.385023,
        6.476844,
        6.4230540000000005,
        6.3258209999999995,
        6.377193,
        6.464504000000001,
        6.383902,
        6.329262000000001,
        6.379532,
        6.356002,
        6.410493,
        6.300071,
        6.367243,
        6.4503140000000005,
        6.375412,
        6.3204910000000005,
        6.363182999999999,
        6.407843,
        6.389702,
        6.356132,
        6.339712,
        6.367222,
        6.384723,
        6.296310999999999,
        6.422213,
        6.372233,
        6.376212,
        6.375132000000001
      ],
      [
        6.442074,
        6.4249529999999995,
        6.428634,
        6.416573,
        6.380342,
        6.439483999999999,
        6.374791999999999,
        6.383183,
        6.328022,
        6.389571999999999,
        6.438534,
        6.422963,
        6.387543,
        6.432343,
        6.418494,
        6.329411,
        6.371512999999999,
        6.384262,
        6.4428339999999995,
        6.432073,
        6.399102999999999,
        6.383583,
        6.407283,
        6.375312,
        6.3721630000000005,
        6.386182,
        6.368283,
        6.4234729999999995,
        6.387783,
        6.408903,
        6.411143,
        6.419842999999999
      ],
      [
        6.377792,
        6.402513,
        6.379252999999999,
        6.446904,
        6.348681,
        6.368773,
        6.394082,
        6.353853,
        6.360992,
        6.380402,
        6.391813,
        6.438314,
        6.397431999999999,
        6.388953,
        6.336532,
        6.452444,
        6.435293,
        6.416293,
        6.436014,
        6.389622999999999,
        6.363792,
        6.450674,
        6.427813,
        6.4036029999999995,
        6.428824,
        6.341501,
        6.439754,
        6.389473,
        6.361862,
        6.362222,
        6.400703,
        6.462654
      ]
    ],
    "layers_step_ms": [
      200.239105,
      201.00861,
      203.204272,
      204.16204,
      204.217431,
      204.812843,
      204.730831
    ],
    "lm_head_step_ms": [
      7.066936,
      7.075726,
      7.075736,
      7.0435360000000005,
      7.064406,
      7.0672060000000005,
      7.071646
    ],
    "positions": [
      16,
      17,
      18,
      19,
      20,
      21,
      22
    ],
    "requested_generated_tokens": 8,
    "step_wall_ms": [
      208.479584,
      209.217088,
      211.495812,
      212.43195,
      212.394468,
      212.97469999999998,
      212.901528
    ],
    "timed_incremental_steps": 7,
    "timed_step_tps": 4.730064893179289,
    "wall_ms": 1479.89513
  },
  "decode_mode": "hybrid_incremental_greedy",
  "device_index": 2,
  "device_name": "AMD Radeon Graphics",
  "device_total_global_mem": 34208743424,
  "final_sequence_len": 24,
  "generated_token_ids": [
    17,
    18,
    19,
    20,
    21,
    22,
    23,
    24
  ],
  "git_commit": "e6b065a9928f24a2051b4d3d27215034beafdd15",
  "hidden": 4096,
  "incremental_decode": true,
  "layer_kinds": [
    "linear_attention",
    "linear_attention",
    "linear_attention",
    "self_attention",
    "linear_attention",
    "linear_attention",
    "linear_attention",
    "self_attention",
    "linear_attention",
    "linear_attention",
    "linear_attention",
    "self_attention",
    "linear_attention",
    "linear_attention",
    "linear_attention",
    "self_attention",
    "linear_attention",
    "linear_attention",
    "linear_attention",
    "self_attention",
    "linear_attention",
    "linear_attention",
    "linear_attention",
    "self_attention",
    "linear_attention",
    "linear_attention",
    "linear_attention",
    "self_attention",
    "linear_attention",
    "linear_attention",
    "linear_attention",
    "self_attention"
  ],
  "layers": [
    0,
    1,
    2,
    3,
    4,
    5,
    6,
    7,
    8,
    9,
    10,
    11,
    12,
    13,
    14,
    15,
    16,
    17,
    18,
    19,
    20,
    21,
    22,
    23,
    24,
    25,
    26,
    27,
    28,
    29,
    30,
    31
  ],
  "lm_head_chunk_rows": 8192,
  "lm_head_runtime": {
    "dtype": "BF16",
    "hidden": 4096,
    "load_ms": 5598.2043109999995,
    "matrix_bytes": 4068474880,
    "mode": "gpu_resident_f32",
    "shape": [
      248320,
      4096
    ],
    "tensor": "lm_head.weight",
    "vocab": 248320
  },
  "memory": {
    "block_size": 24,
    "cache_blocks": 1,
    "kv_cache_allocated_blocks": 8,
    "kv_cache_block_size": 24,
    "kv_cache_bytes": 1572864,
    "kv_cache_free_blocks": 0,
    "kv_cache_self_attn_layers": 8,
    "kv_cache_value_dtype": "f32",
    "vram_baseline_bytes": null,
    "vram_consumed_bytes": null,
    "vram_peak_bytes": null
  },