{
  "backend": "hip",
  "correctness": {
    "nan_or_inf_detected": false,
    "verified": true
  },
  "decode": {
    "embedding_step_ms": [
      1.110277,
      1.043806,
      1.275241,
      1.2619,
      1.282551,
      1.2451599999999998,
      1.2501
    ],
    "end_to_end_generated_tps": 0.537973656778593,
    "last_top_logits": [
      {
        "logit": 9.85055160522461,
        "token_id": 24
      }
    ],
    "layer_step_ms": [
      [
        9.745317,
        9.629904999999999,
        9.553484,
        5.9356349999999996,
        9.583955,
        9.673495,
        9.628505,
        6.024667,
        9.549404,
        9.644025000000001,
        9.678126,
        5.792263,
        9.574734,
        9.708586,
        9.652614999999999,
        5.875344999999999,
        9.648115,
        9.570924,
        9.566633999999999,
        6.005037000000001,
        9.601374,
        9.633625,
        9.589945,
        5.878914,
        9.628925,
        9.592524,
        9.675296,
        5.849624,
        9.699476,
        9.684536000000001,
        9.640414999999999,
        5.996037
      ],
      [
        9.705137,
        9.643944999999999,
        9.802508,
        6.042247,
        9.776307,
        9.752737,
        9.678286,
        6.147569000000001,
        9.797187000000001,
        9.801988,
        9.699706,
        6.4236629999999995,
        9.711806999999999,
        9.804737,
        9.864879,
        6.022246999999999,
        9.753807,
        9.880599,
        9.826318,
        6.141819,
        9.813367999999999,
        9.727336,
        9.788058000000001,
        6.455413999999999,
        9.741816,
        9.833669,
        9.764637,
        6.269890999999999,
        9.891888999999999,
        9.776737,
        9.811678,
        6.437044
      ],
      [
        9.838378,
        9.780607,
        9.916049999999998,
        6.20306,
        9.806937999999999,
        9.822188,
        9.93699,
        6.118898000000001,
        9.837778,
        9.692036,
        9.673596,
        6.441334,
        9.856118,
        9.783428,
        9.874348,
        6.088228,
        9.711357,
        9.800467,
        9.771067,
        6.505395,
        9.692176,
        9.645605,
        9.584864,
        6.304402,
        9.684475999999998,
        9.778277000000001,
        9.630804999999999,
        6.365382,
        9.612225,
        9.663086,
        9.789207,
        6.048167
      ],
      [
        9.671756,
        9.769407000000001,
        9.643205,
        6.407323000000001,
        9.722156,
        9.692306,
        9.627575,
        6.379573000000001,
        9.741697,
        9.756777,
        9.688616000000001,
        6.390462,
        9.685956000000001,
        9.677556000000001,
        9.678486,
        6.510814,
        9.632675,
        9.654706000000001,
        9.693836000000001,
        6.468014,
        9.667365,
        9.594655000000001,
        9.713265999999999,
        6.438174,
        9.717256,
        9.643195,
        9.661146,
        6.458323999999999,
        9.682965,
        9.603354999999999,
        9.737657,
        6.445293
      ],
      [
        9.711496,
        9.680746000000001,
        9.660955000000001,
        6.568346,
        9.677456,
        9.662715,
        9.644035,
        6.4262939999999995,
        9.683615,
        9.786817999999998,
        9.724286000000001,
        6.455124,
        9.739287,
        9.679775999999999,
        9.701746,
        6.416283,
        9.811588,
        9.693135999999999,
        9.661125,
        6.469204,
        9.644006000000001,
        9.687645999999999,
        9.631765,
        6.443463,
        9.629805,
        9.724917,
        9.669785000000001,
        6.447414,
        9.649315,
        9.743797,
        9.687126000000001,
        6.418883
      ],
      [
        9.723056000000001,
        9.708276,
        9.637206,
        6.548555,
        9.697776,
        9.700206,
        9.672806000000001,
        6.514533999999999,
        9.666536,
        9.699796000000001,
        9.638694999999998,
        6.4761940000000005,
        9.801788,
        9.686106,
        9.730507,
        6.529665,
        9.655205,
        9.630685,
        9.738527,
        6.497994,
        9.705696,
        9.682936,
        9.662626000000001,
        6.479594,
        9.702496,
        9.638225,
        9.750107,
        6.473234,
        9.656605,
        9.724027,
        9.662025,
        6.527865
      ],
      [
        9.708567,
        9.710546,
        9.601874,
        6.591656,
        9.635164999999999,
        9.692156,
        9.667755999999999,
        6.529285,
        9.678846,
        9.688386,
        9.647965,
        6.498904,
        9.683186,
        9.714686,
        9.691606,
        6.569996,
        9.731827000000001,
        9.665905,
        9.662036,
        6.624316,
        9.633065,
        9.633895,
        9.697846,
        6.589976,
        9.696216,
        9.657136,
        9.639005000000001,
        6.559915,
        9.667486,
        9.731747,
        9.684555,
        6.575806
      ]
    ],
    "layers_step_ms": [
      278.513082,
      284.59096999999997,
      284.25887300000005,
      283.857297,
      284.23376299999995,
      284.621399,
      284.763102
    ],
    "lm_head_step_ms": [
      7.025113,
      7.127334,
      7.158066,
      7.1433349999999995,
      7.190706,
      7.139755,
      7.150335
    ],
    "positions": [
      16,
      17,
      18,
      19,
      20,
      21,
      22
    ],
    "requested_generated_tokens": 8,
    "step_wall_ms": [
      286.649392,
      292.76344,
      292.69296,
      292.263442,
      292.70777,
      293.007164,
      293.164337
    ],
    "timed_incremental_steps": 7,
    "timed_step_tps": 3.425917103509639,
    "wall_ms": 2043.2485049999998
  },
  "decode_mode": "hybrid_incremental_greedy",
  "device_index": 2,
  "device_name": "AMD Radeon Graphics",
  "device_total_global_mem": 34208743424,
  "final_sequence_len": 24,
  "generated_token_ids": [
    17,
    18,
    19,
    20,
    21,
    22,
    23,
    24
  ],
  "git_commit": "e6b065a9928f24a2051b4d3d27215034beafdd15",
  "hidden": 4096,
  "incremental_decode": true,
  "layer_kinds": [
    "linear_attention",
    "linear_attention",
    "linear_attention",
    "self_attention",
    "linear_attention",
    "linear_attention",
    "linear_attention",
    "self_attention",
    "linear_attention",
    "linear_attention",
    "linear_attention",
    "self_attention",
    "linear_attention",
    "linear_attention",
    "linear_attention",
    "self_attention",
    "linear_attention",
    "linear_attention",
    "linear_attention",
    "self_attention",
    "linear_attention",
    "linear_attention",
    "linear_attention",
    "self_attention",
    "linear_attention",
    "linear_attention",
    "linear_attention",
    "self_attention",
    "linear_attention",
    "linear_attention",
    "linear_attention",
    "self_attention"
  ],
  "layers": [
    0,
    1,
    2,
    3,
    4,
    5,
    6,
    7,
    8,
    9,
    10,
    11,
    12,
    13,
    14,
    15,
    16,
    17,
    18,
    19,
    20,
    21,
    22,
    23,
    24,
    25,
    26,
    27,
    28,
    29,
    30,
    31
  ],
  "lm_head_chunk_rows": 8192,
  "lm_head_runtime": {
    "dtype": "BF16",
    "hidden": 4096,
    "load_ms": 5688.104687,
    "matrix_bytes": 4068474880,
    "mode": "gpu_resident_f32",
    "shape": [
      248320,
      4096
    ],
    "tensor": "lm_head.weight",
    "vocab": 248320
  },
  "memory": {
    "block_size": 24,
    "cache_blocks": 1,
    "kv_cache_allocated_blocks": 8,
    "kv_cache_block_size": 24,
    "kv_cache_bytes": 1572864,
    "kv_cache_free_blocks": 0,
    "kv_cache_self_attn_layers": 8,
    "kv_cache_value_dtype": "f32",
    "vram_baseline_bytes": null,
    "vram_consumed_bytes": null,
    "vram_peak_bytes": null
  },