{
  "backend": "hip",
  "correctness": {
    "nan_or_inf_detected": false,
    "verified": true
  },
  "decode": {
    "embedding_step_ms": [
      1.153313,
      1.087961,
      1.089012,
      1.074351,
      1.061101,
      1.088951,
      1.104641
    ],
    "end_to_end_generated_tps": 0.633158321846368,
    "last_top_logits": [
      {
        "logit": 9.850552558898926,
        "token_id": 24
      }
    ],
    "layer_step_ms": [
      [
        6.442566,
        6.4911259999999995,
        6.355584,
        6.059908,
        6.356694,
        6.4001149999999996,
        6.415105,
        5.8173829999999995,
        6.366445,
        6.396354,
        6.365395,
        5.822113,
        6.369644,
        6.335464,
        6.392384,
        5.811894,
        6.380094000000001,
        6.412215,
        6.389395,
        5.824623,
        6.370405,
        6.412575,
        6.434255,
        5.826134000000001,
        6.394574,
        6.371425,
        6.419515,
        6.043818,
        6.459006,
        6.440895,
        6.3974649999999995,
        5.824224
      ],
      [
        6.438664999999999,
        6.419416,
        6.419425,
        5.822113,
        6.404204999999999,
        6.356474,
        6.413035,
        5.783013,
        6.370204,
        6.360634,
        6.365704,
        6.202011000000001,
        6.3885950000000005,
        6.393694999999999,
        6.4151549999999995,
        6.16953,
        6.450616,
        6.428475000000001,
        6.403365,
        5.830514,
        6.362424,
        6.327623,
        6.415945,
        5.900465,
        6.378575,
        6.376974,
        6.407745,
        5.9354059999999995,
        6.400695,
        6.408715,
        6.413654999999999,
        5.767112
      ],
      [
        6.374353999999999,
        6.386754,
        6.385135,
        6.294303,
        6.3793940000000005,
        6.406815,
        6.399775,
        6.270642,
        6.418675,
        6.362114,
        6.482497,
        5.986807000000001,
        6.405174,
        6.367415,
        6.376754,
        6.268532,
        6.357604,
        6.380495,
        6.359444,
        6.2295110000000005,
        6.4012649999999995,
        6.401385,
        6.415245,
        5.798873,
        6.413995,
        6.376874,
        6.412015,
        6.12239,
        6.384684,
        6.464265999999999,
        6.376775,
        5.895205
      ],
      [
        6.435185000000001,
        6.389285,
        6.3887350000000005,
        6.344133,
        6.382845,
        6.388694,
        6.448626,
        6.349673999999999,
        6.434795,
        6.377195,
        6.354514,
        6.3130429999999995,
        6.402825,
        6.356604,
        6.387174,
        5.909305,
        6.405405,
        6.413465,
        6.382585,
        6.265832,
        6.473056,
        6.385735,
        6.366224,
        6.277652,
        6.425656,
        6.417445,
        6.372034,
        6.286173,
        6.4241150000000005,
        6.359984,
        6.360124,
        6.276592
      ],
      [
        6.446165000000001,
        6.476217,
        6.402595,
        6.356633,
        6.4068249999999995,
        6.419556,
        6.435995,
        6.262272,
        6.3739740000000005,
        6.393165,
        6.353733999999999,
        5.911995,
        6.349834,
        6.371944,
        6.390525,
        6.343803,
        6.399305,
        6.400404999999999,
        6.414475,
        6.374704,
        6.425616000000001,
        6.425815,
        6.349203999999999,
        6.309693,
        6.390324000000001,
        6.3974649999999995,
        6.384345,
        6.346123,
        6.361434,
        6.429456,
        6.386414,
        6.277003
      ],
      [
        6.427135,
        6.394805,
        6.396535,
        6.358304,
        6.432575,
        6.4456560000000005,
        6.440135,
        6.390485,
        6.402475,
        6.410415,
        6.406915,
        6.349863,
        6.336874,
        6.391315,
        6.414085,
        6.373754,
        6.376373999999999,
        6.349334,
        6.425125,
        6.344214,
        6.387375,
        6.406515,
        6.398984,
        6.432376,
        6.430185,
        6.418305,
        6.347704,
        6.412215,
        6.3768139999999995,
        6.430566000000001,
        6.402393999999999,
        6.361854
      ],
      [
        6.433536,
        6.384094,
        6.385905,
        6.449326,
        6.443525,
        6.443066,
        6.368854,
        6.416545,
        6.407485,
        6.408435,
        6.365774,
        6.469246,
        6.334234,
        6.367744,
        6.416575,
        6.4966870000000005,
        6.400334,
        6.365175,
        6.4237649999999995,
        6.5140270000000005,
        6.369194,
        6.386153999999999,
        6.399205,
        6.375144,
        6.420986,
        6.389024,
        6.407625,
        6.423215000000001,
        6.409085,
        6.371085,
        6.368804,
        6.523147
      ]
    ],
    "layers_step_ms": [
      200.601442,
      200.932728,
      202.357786,
      203.55724899999998,
      203.769613,
      204.67452,
      205.13955
    ],
    "lm_head_step_ms": [
      7.0772379999999995,
      7.031187,
      7.089028,
      7.065438,
      7.042147,
      7.048718,
      7.077618
    ],
    "positions": [
      16,
      17,
      18,
      19,
      20,
      21,
      22
    ],
    "requested_generated_tokens": 8,
    "step_wall_ms": [
      208.83315299999998,
      209.05310599999999,
      210.537566,
      211.698278,
      211.874411,
      212.813469,
      213.322929
    ],
    "timed_incremental_steps": 7,
    "timed_step_tps": 4.735704037960019,
    "wall_ms": 1478.1329119999998
  },
  "decode_mode": "hybrid_incremental_greedy",
  "device_index": 2,
  "device_name": "AMD Radeon Graphics",
  "device_total_global_mem": 34208743424,
  "final_sequence_len": 24,
  "generated_token_ids": [
    17,
    18,
    19,
    20,
    21,
    22,
    23,
    24
  ],
  "git_commit": "e6b065a9928f24a2051b4d3d27215034beafdd15",
  "hidden": 4096,
  "incremental_decode": true,
  "layer_kinds": [
    "linear_attention",
    "linear_attention",
    "linear_attention",
    "self_attention",
    "linear_attention",
    "linear_attention",
    "linear_attention",
    "self_attention",
    "linear_attention",
    "linear_attention",
    "linear_attention",
    "self_attention",
    "linear_attention",
    "linear_attention",
    "linear_attention",
    "self_attention",
    "linear_attention",
    "linear_attention",
    "linear_attention",
    "self_attention",
    "linear_attention",
    "linear_attention",
    "linear_attention",
    "self_attention",
    "linear_attention",
    "linear_attention",
    "linear_attention",
    "self_attention",
    "linear_attention",
    "linear_attention",
    "linear_attention",
    "self_attention"
  ],
  "layers": [
    0,
    1,
    2,
    3,
    4,
    5,
    6,
    7,
    8,
    9,
    10,
    11,
    12,
    13,
    14,
    15,
    16,
    17,
    18,
    19,
    20,
    21,
    22,
    23,
    24,
    25,
    26,
    27,
    28,
    29,
    30,
    31
  ],
  "lm_head_chunk_rows": 8192,
  "lm_head_runtime": {
    "dtype": "BF16",
    "hidden": 4096,
    "load_ms": 5010.005413,
    "matrix_bytes": 4068474880,
    "mode": "gpu_resident_f32",
    "shape": [
      248320,
      4096
    ],
    "tensor": "lm_head.weight",
    "vocab": 248320
  },
  "memory": {
    "block_size": 24,
    "cache_blocks": 1,
    "kv_cache_allocated_blocks": 8,
    "kv_cache_block_size": 24,
    "kv_cache_bytes": 1572864,
    "kv_cache_free_blocks": 0,
    "kv_cache_self_attn_layers": 8,
    "kv_cache_value_dtype": "f32",
    "vram_baseline_bytes": null,
    "vram_consumed_bytes": null,
    "vram_peak_bytes": null
  },
  "notes": [
    "This path keeps selected layer weights resident as dequantized f32 runtime buffers; full-model residency may exceed current GPU memory before sq-format work."
  ],