{
  "backend": "hip",
  "correctness": {
    "nan_or_inf_detected": false,
    "verified": true
  },
  "decode": {
    "embedding_step_ms": [
      1.085957,
      1.3043609999999999,
      1.322951,
      1.3523020000000001,
      1.315441,
      1.325342,
      1.3047009999999999,
      1.321291,
      1.300221,
      1.2898910000000001,
      1.3442809999999998,
      1.293841,
      1.313471,
      1.352921,
      1.3014210000000002
    ],
    "end_to_end_generated_tps": 1.6943197927254559,
    "last_top_logits": [
      {
        "logit": 9.708110809326172,
        "token_id": 2110
      }
    ],
    "layer_step_ms": [
      [
        0.102732,
        0.03894,
        0.037741000000000004,
        0.046561,
        0.03904,
        0.040531000000000005,
        0.03637,
        0.040511,
        0.036631000000000004,
        0.03599,
        0.035661000000000005,
        0.039619999999999995,
        0.035311,
        0.036850999999999995,
        0.03676,
        0.039221000000000006,
        0.03681,
        0.037351,
        0.035731,
        0.03902,
        0.036900999999999996,
        0.037129999999999996,
        0.036501,
        0.039991,
        0.03898,
        0.073322,
        0.03798,
        0.039361,
        0.03787,
        0.040221,
        0.035771,
        0.03699
      ],
      [
        0.045591,
        0.030889999999999997,
        0.029741,
        0.03379,
        0.028430999999999998,
        0.027,
        0.029071,
        0.03257,
        0.029561,
        0.02844,
        0.0276,
        0.032700999999999994,
        0.027889999999999998,
        0.029461,
        0.02785,
        0.031571,
        0.028399999999999998,
        0.06184100000000001,
        0.027821,
        0.03131,
        0.029581,
        0.034159999999999996,
        0.033401,
        0.037700000000000004,
        0.033691,
        0.035741,
        0.034910000000000004,
        0.037311000000000004,
        0.03389,
        0.035580999999999995,
        0.03316,
        0.037391
      ],
      [
        0.037501,
        0.02576,
        0.02586,
        0.031010999999999997,
        0.02527,
        0.057331,
        0.025981,
        0.0287,
        0.025771000000000002,
        0.02558,
        0.02701,
        0.028811,
        0.02507,
        0.025011000000000002,
        0.02467,
        0.028301,
        0.024769999999999997,
        0.0249,
        0.024471,
        0.02896,
        0.026501,
        0.03069,
        0.031311,
        0.03497,
        0.030681,
        0.03102,
        0.031131,
        0.035179999999999996,
        0.031401,
        0.030889999999999997,
        0.030821,
        0.03529
      ],
      [
        0.03922,
        0.025861,
        0.02565,
        0.03011,
        0.025290999999999998,
        0.025599999999999998,
        0.025621,
        0.0286,
        0.026091000000000003,
        0.02548,
        0.025279999999999997,
        0.028781,
        0.025089999999999998,
        0.025290999999999998,
        0.02613,
        0.028961,
        0.025089999999999998,
        0.0251,
        0.024801,
        0.02894,
        0.026491,
        0.03088,
        0.031300999999999995,
        0.03492,
        0.031311,
        0.031619999999999995,
        0.036771,
        0.03529,
        0.030501,
        0.03121,
        0.030571,
        0.037221000000000004
      ],
      [
        0.037,
        0.025721,
        0.02581,
        0.029841,
        0.025089999999999998,
        0.025331,
        0.025660000000000002,
        0.02903,
        0.026301,
        0.02503,
        0.024871,
        0.029050000000000003,
        0.025611,
        0.05762,
        0.024801,
        0.02826,
        0.025951,
        0.02837,
        0.024431,
        0.030090000000000002,
        0.025661,
        0.02991,
        0.03102,
        0.034551,
        0.031131,
        0.03057,
        0.031511,
        0.03401,
        0.030811,
        0.03198,
        0.031191,
        0.03522
      ],
      [
        0.03638,
        0.026321,
        0.02626,
        0.029401,
        0.025230000000000002,
        0.02815,
        0.030221,
        0.02895,
        0.025721,
        0.02505,
        0.025151,
        0.02885,
        0.02572,
        0.025091000000000002,
        0.025429999999999998,
        0.028901,
        0.02547,
        0.024941,
        0.025660000000000002,
        0.029920000000000002,
        0.029621,
        0.027270000000000003,
        0.030480999999999998,
        0.03505,
        0.030611000000000003,
        0.03104,
        0.030301,
        0.03506,
        0.031841,
        0.03171,
        0.030830999999999997,
        0.035161
      ],
      [
        0.038581000000000004,
        0.026860000000000002,
        0.026611,
        0.03143,
        0.025981,
        0.02595,
        0.026301,
        0.029759999999999998,
        0.02666,
        0.027551000000000003,
        0.02548,
        0.029380999999999997,
        0.02614,
        0.027401000000000002,
        0.026080000000000002,
        0.029391,
        0.060600999999999995,
        0.02794,
        0.02527,
        0.029720999999999997,
        0.0297,
        0.033871,
        0.031279999999999995,
        0.035761,
        0.03231,
        0.031680999999999994,
        0.0313,
        0.035271000000000004,
        0.032271,
        0.03321,
        0.031021,
        0.035679999999999996
      ],
      [
        0.07095199999999999,
        0.026699999999999998,
        0.02666,
        0.030400999999999997,
        0.0255,
        0.025501,
        0.02531,
        0.028711,
        0.02571,
        0.025400000000000002,
        0.025221,
        0.02951,
        0.025951,
        0.02534,
        0.025231,
        0.029410000000000002,
        0.02558,
        0.025970999999999998,
        0.0248,
        0.029771,
        0.02769,
        0.031371,
        0.02993,
        0.034860999999999996,
        0.03185,
        0.030830999999999997,
        0.03057,
        0.034791,
        0.03173,
        0.031041000000000003,
        0.03091,
        0.035200999999999996
      ],
      [
        0.037141,
        0.026699999999999998,
        0.025771000000000002,
        0.030510000000000002,
        0.025279999999999997,
        0.025411,
        0.02585,
        0.028770999999999998,
        0.025660000000000002,
        0.025120999999999997,
        0.02576,
        0.0292,
        0.025001,
        0.02502,
        0.025101,
        0.02838,
        0.025081,
        0.025259999999999998,
        0.02468,
        0.037251,
        0.026789999999999998,
        0.031761000000000005,
        0.0314,
        0.035761,
        0.032580000000000005,
        0.031621,
        0.03104,
        0.034180999999999996,
        0.031401,
        0.031180000000000003,
        0.030670999999999997,
        0.03531
      ],
      [
        0.03698,
        0.025771000000000002,
        0.025910000000000002,
        0.030291,
        0.05706,
        0.026671,
        0.02586,
        0.028680999999999998,
        0.02529,
        0.025391,
        0.0257,
        0.02883,
        0.024891,
        0.02538,
        0.024861,
        0.02829,
        0.025161,
        0.02522,
        0.02444,
        0.029720999999999997,
        0.02651,
        0.030441,
        0.03031,
        0.034520999999999996,
        0.03116,
        0.030541,
        0.03018,
        0.034801,
        0.03103,
        0.030960999999999995,
        0.02965,
        0.035391
      ],
      [
        0.036141,
        0.02602,
        0.025741,
        0.02984,
        0.025051,
        0.02588,
        0.02554,
        0.028691,
        0.02581,
        0.025191,
        0.024919999999999998,
        0.029050000000000003,
        0.025261000000000002,
        0.02508,
        0.025611,
        0.02853,
        0.025101,
        0.02497,
        0.02516,
        0.031901,
        0.0292,
        0.031351,
        0.02991,
        0.067181,
