{
  "backend": "hip",
  "correctness": {
    "nan_or_inf_detected": false,
    "verified": true
  },
  "decode": {
    "embedding_step_ms": [
      1.1463249999999998,
      1.0629140000000001,
      1.056984,
      1.0598940000000001,
      1.0384229999999999,
      1.058244,
      1.070994
    ],
    "end_to_end_generated_tps": 0.6070276728370827,
    "last_top_logits": [
      {
        "logit": 9.850549697875977,
        "token_id": 24
      }
    ],
    "layer_step_ms": [
      [
        6.845612,
        6.898343000000001,
        6.882553,
        5.896591,
        6.865562000000001,
        6.867332,
        6.826502,
        5.8506599999999995,
        6.8598419999999996,
        6.831071000000001,
        6.820182,
        5.844409,
        6.856033,
        6.868532,
        6.853042,
        6.205488,
        6.824781000000001,
        6.900443,
        6.831922,
        5.785978,
        6.897943,
        6.864833,
        6.870012,
        5.9461319999999995,
        6.838552,
        6.937864,
        6.880342000000001,
        5.8913910000000005,
        6.848742,
        6.815721,
        6.843351999999999,
        5.772738
      ],
      [
        6.845061,
        6.884773,
        6.839672,
        6.194837,
        6.830992,
        6.839652,
        6.899032999999999,
        6.118016000000001,
        6.842812,
        6.853022,
        6.882642,
        5.795159,
        6.907522999999999,
        6.810701,
        6.824302,
        5.788138,
        6.869402,
        6.863723,
        6.872582,
        5.746018,
        6.898113,
        6.815761,
        6.897323,
        5.88419,
        6.883913000000001,
        6.918633000000001,
        6.8567919999999996,
        5.880561,
        6.7752300000000005,
        6.864632,
        6.875393,
        6.179917
      ],
      [
        6.879512,
        6.885883,
        6.898173,
        6.363311,
        6.876183,
        6.895123000000001,
        6.890223,
        6.213757,
        6.841662,
        6.887523000000001,
        6.862082,
        5.917821,
        6.865152999999999,
        6.854552,
        6.889653,
        5.823359,
        6.844170999999999,
        6.810201999999999,
        6.915313,
        6.279659,
        6.825612,
        6.856052,
        6.848332,
        5.927701,
        6.878683,
        6.845211,
        6.845992000000001,
        6.314850000000001,
        6.865783,
        6.874242,
        6.8882129999999995,
        6.350561
      ],
      [
        6.891712,
        6.823082,
        6.848992,
        6.422712,
        6.826832,
        6.830331,
        6.897673,
        6.342131,
        6.826091,
        6.886373000000001,
        6.832731,
        6.388922,
        6.843062,
        6.885343000000001,
        6.867882,
        6.3622510000000005,
        6.818591,
        6.874293,
        6.851102,
        6.33042,
        6.888713,
        6.873502,
        6.9128039999999995,
        6.284339,
        6.856002,
        6.852152,
        6.853912,
        6.264859,
        6.8208210000000005,
        6.840421999999999,
        6.908273,
        6.2822700000000005
      ],
      [
        6.921843,
        6.835952,
        6.79838,
        6.3701620000000005,
        6.860662,
        6.816231,
        6.887583,
        6.364921,
        6.906313,
        6.8340320000000006,
        6.8983229999999995,
        6.357711,
        6.841962,
        6.879411999999999,
        6.821922,
        6.312429,
        6.825512,
        6.859112,
        6.813861,
        6.350701,
        6.863182,
        6.857572,
        6.863823,
        6.132276,
        6.887352,
        6.806821,
        6.884233,
        6.388752,
        6.864682,
        6.884083,
        6.873302000000001,
        6.382862
      ],
      [
        6.872962,
        6.913803,
        6.843751999999999,
        6.386442,
        6.844052,
        6.892861999999999,
        6.864573,
        6.435721999999999,
        6.8762229999999995,
        6.878983,
        6.948744,
        6.458272999999999,
        6.869212,
        6.864653,
        6.873182,
        6.350651,
        6.840561999999999,
        6.851961999999999,
        6.886522,
        6.436553,
        6.8436319999999995,
        6.802181,
        6.799791,
        6.370591,
        6.8387020000000005,
        6.864612,
        6.865971999999999,
        6.465553,
        6.858213,
        6.884012,
        6.854562,
        6.396012000000001
      ],
      [
        6.921634,
        6.8225810000000005,
        6.7931,
        6.413552999999999,
        6.78282,
        6.875552,
        6.8536220000000005,
        6.459884,
        6.887762,
        6.864022,
        6.825582,
        6.524114,
        6.878353000000001,
        6.848262,
        6.883422,
        6.456743,
        6.9340139999999995,
        6.856802,
        6.77427,
        6.475474,
        6.891763,
        6.833401,
        6.860022000000001,
        6.413692999999999,
        6.894582,
        6.7871310000000005,
        6.8903430000000006,
        6.5161940000000005,
        6.848972,
        6.8222309999999995,
        6.812601,
        6.534805
      ]
    ],
    "layers_step_ms": [
      211.82428000000002,
      212.240138,
      214.016147,
      215.29019499999998,
      215.247464,
      216.035301,
      216.23914399999998
    ],
    "lm_head_step_ms": [
      7.110087999999999,
      7.0498460000000005,
      7.0449459999999995,
      7.0730059999999995,
      7.047056,
      7.039906,
      7.048066
    ],
    "positions": [
      16,
      17,
      18,
      19,
      20,
      21,
      22
    ],
    "requested_generated_tokens": 8,
    "step_wall_ms": [
      220.081683,
      220.353768,
      222.119547,
      223.423956,
      223.334053,
      224.134501,
      224.359234
    ],
    "timed_incremental_steps": 7,
    "timed_step_tps": 4.493497050226529,
    "wall_ms": 1557.806742
  },
  "decode_mode": "hybrid_incremental_greedy",
  "device_index": 2,
  "device_name": "AMD Radeon Graphics",
  "device_total_global_mem": 34208743424,
  "final_sequence_len": 24,
  "generated_token_ids": [
    17,
    18,
    19,
    20,
    21,
    22,
    23,
    24
  ],
  "git_commit": "e6b065a9928f24a2051b4d3d27215034beafdd15",
  "hidden": 4096,
  "incremental_decode": true,
  "layer_kinds": [
    "linear_attention",
    "linear_attention",
    "linear_attention",
    "self_attention",
    "linear_attention",
    "linear_attention",
    "linear_attention",
    "self_attention",
    "linear_attention",
    "linear_attention",
    "linear_attention",
    "self_attention",
    "linear_attention",
    "linear_attention",
    "linear_attention",
    "self_attention",
    "linear_attention",
    "linear_attention",
    "linear_attention",
    "self_attention",
    "linear_attention",
    "linear_attention",
    "linear_attention",
    "self_attention",
    "linear_attention",
    "linear_attention",
    "linear_attention",
    "self_attention",
    "linear_attention",
    "linear_attention",
    "linear_attention",
    "self_attention"
  ],
  "layers": [
    0,
    1,
    2,
    3,
    4,
    5,
    6,
    7,
    8,
    9,
    10,
    11,
    12,
    13,
    14,
    15,
    16,
    17,
    18,
    19,
    20,
    21,
    22,
    23,
    24,
    25,
    26,
    27,
    28,
    29,
    30,
    31
  ],
  "lm_head_chunk_rows": 8192,
  "lm_head_runtime": {
    "dtype": "BF16",
    "hidden": 4096,
    "load_ms": 5451.816142000001,
    "matrix_bytes": 4068474880,
    "mode": "gpu_resident_f32",
    "shape": [
      248320,
      4096
    ],
    "tensor": "lm_head.weight",
    "vocab": 248320
  },
  "memory": {
    "block_size": 24,
    "cache_blocks": 1,
    "kv_cache_allocated_blocks": 8,
    "kv_cache_block_size": 24,
    "kv_cache_bytes": 1572864,
    "kv_cache_free_blocks": 0,
    "kv_cache_self_attn_layers": 8,
    "kv_cache_value_dtype": "f32",
    "vram_baseline_bytes": null,
    "vram_consumed_bytes": null,