{
  "backend": "hip",
  "correctness": {
    "nan_or_inf_detected": false,
    "verified": true
  },
  "decode": {
    "embedding_step_ms": [
      1.1672,
      1.110539,
      1.063868,
      1.090398,
      1.044898,
      1.044878,
      1.406214,
      1.114589,
      1.051418,
      1.058999,
      1.048118,
      1.071168,
      1.061808,
      1.046298,
      1.064308
    ],
    "end_to_end_generated_tps": 1.5860821961373877,
    "last_top_logits": [
      {
        "logit": 8.611001968383789,
        "token_id": 70182
      }
    ],
    "layer_step_ms": [
      [
        0.057680999999999996,
        0.039701,
        0.039081,
        6.38251,
        0.049960000000000004,
        0.042671,
        0.042601,
        6.41616,
        0.050741,
        0.043461,
        0.037831,
        6.41616,
        0.047550999999999996,
        0.040861,
        0.039851000000000004,
        6.372089,
        0.047781000000000004,
        0.041111,
        0.041151,
        6.461321,
        0.049691,
        0.040760000000000005,
        0.041161,
        6.457731000000001,
        0.045841,
        0.039681,
        0.040311,
        6.465371,
        0.042880999999999996,
        0.03389,
        0.034461,
        6.37083
      ],
      [
        0.042751,
        0.028730000000000002,
        0.030421,
        6.472441,
        0.040051,
        0.033031000000000005,
        0.0343,
        6.501752000000001,
        0.041401,
        0.033261,
        0.03515,
        6.515672,
        0.038800999999999995,
        0.032371,
        0.03309,
        6.539302999999999,
        0.041881,
        0.03401,
        0.033181,
        6.529222000000001,
        0.038151000000000004,
        0.0315,
        0.032671,
        6.346339,
        0.037991000000000004,
        0.032461,
        0.030630000000000004,
        6.541033,
        0.03694,
        0.031291,
        0.031231,
        6.523782
      ],
      [
        0.072722,
        0.02777,
        0.026801,
        6.462311,
        0.039710999999999996,
        0.03149,
        0.030631,
        6.306048,
        0.071832,
        0.03188,
        0.032561,
        6.5319519999999995,
        0.037530999999999995,
        0.03143,
        0.031581,
        6.5621730000000005,
        0.043821,
        0.03392,
        0.033281000000000005,
        6.672215,
        0.040901,
        0.03372,
        0.033801,
        6.605044,
        0.03993,
        0.034921,
        0.034440000000000005,
        6.603064,
        0.040061,
        0.032241,
        0.03265,
        6.544383
      ],
      [
        0.046571,
        0.031811,
        0.0323,
        6.531503,
        0.078201,
        0.036060999999999996,
        0.036551,
        6.521202000000001,
        0.043981,
        0.03655,
        0.033250999999999996,
        6.631174,
        0.043810999999999996,
        0.034140000000000004,
        0.034811,
        6.585324,
        0.039119999999999995,
        0.032381,
        0.03168,
        6.622434,
        0.038741,
        0.031421000000000004,
        0.03335,
        6.587434,
        0.03905,
        0.035701000000000004,
        0.03192,
        6.646344999999999,
        0.038001,
        0.03134,
        0.030651,
        6.610574
      ],
      [
        0.038779999999999995,
        0.027131000000000002,
        0.02795,
        6.548923,
        0.037341,
        0.031229999999999997,
        0.031000999999999997,
        6.699935,
        0.038631000000000006,
        0.03205,
        0.032230999999999996,
        6.689855,
        0.037351,
        0.031170999999999997,
        0.030950000000000002,
        6.6853549999999995,
        0.037771,
        0.0309,
        0.031581,
        6.628404,
        0.037881,
        0.03134,
        0.030941,
        6.779857,
        0.03724,
        0.031111,
        0.031229999999999997,
        6.668485,
        0.037651000000000004,
        0.03126,
        0.031621,
        6.680855
      ],
      [
        0.0382,
        0.025851,
        0.02654,
        6.634544,
        0.037620999999999995,
        0.032481,
        0.03004,
        6.696936,
        0.037750000000000006,
        0.031111,
        0.03192,
        6.723656,
        0.038051,
        0.031439999999999996,
        0.031951,
        6.662365,
        0.037559999999999996,
        0.030781000000000003,
        0.031619999999999995,
        6.730066,
        0.037181,
        0.031131,
        0.03124,
        6.678985,
        0.040741,
        0.03456,
        0.033391,
        6.707406,
        0.044020000000000004,
        0.037691,
        0.038711,
        6.713195
      ],
      [
        0.085281,
        0.040621000000000004,
        0.040961000000000004,
        6.705255,
        0.051331,
        0.043541,
        0.044601,
        6.711765,
        0.050951,
        0.043621,
        0.040930999999999995,
        6.732656,
        0.050611,
        0.04161,
        0.09438200000000001,
        6.665745,
        0.051650999999999996,
        0.04329,
        0.042651,
        6.781517,
        0.049461,
        0.043491,
        0.044199999999999996,
        6.725656,
        0.049521,
        0.042161,
        0.042421,
        6.827037,
        0.050251,
        0.043661,
        0.041781,
        6.701925
      ],
      [
        0.051031,
        0.038221,
        0.03735,
        6.667675,
        0.045170999999999996,
        0.040341,
        0.04053,
        6.788876999999999,
        0.048031000000000004,
        0.042891,
        0.040500999999999995,
        6.765876,
        0.046440999999999996,
        0.038300999999999995,
        0.03812,
        6.733556,
        0.07376200000000001,
        0.03528,
        0.033831,
        6.7867869999999995,
        0.04094,
        0.067972,
        0.03535,
        6.792816999999999,
        0.041011,
        0.034141,
        0.035070000000000004,
        6.848578,
        0.039201,
        0.0333,
        0.032551000000000004,
        6.910648999999999
      ],
      [
        0.038171,
        0.026889999999999997,
        0.02739,
        6.898569,
        0.037771,
        0.031869999999999996,
        0.029911,
        6.882529,
        0.03797,
        0.031170999999999997,
        0.03132,
        6.881449000000001,
        0.038770000000000006,
        0.033051,
        0.032971,
        6.9099189999999995,
        0.0384,
        0.031640999999999996,
        0.03192,
        6.91314,
        0.03732,
        0.031751,
        0.03172,
        6.897539,
        0.038201000000000006,
        0.031860000000000006,
        0.032371,
        6.846388,
        0.038901,
        0.031560000000000005,
        0.031941,
        6.902359000000001
      ],
      [
        0.038,
        0.025791,
        0.059511,
        6.794087,
        0.03972,
        0.031821,
        0.032341,
        6.940639,
        0.037620999999999995,
        0.03252,
        0.031821,
        6.896839,
        0.0386,
        0.032181,
        0.031991,
        6.844657,
        0.038241000000000004,
        0.031881,
        0.032,
        6.926139,
        0.037670999999999996,
        0.031501,
        0.03085,
        6.92523,
        0.03818,
        0.031671000000000005,
        0.03134,
        6.92938,
        0.0387,
        0.032001,
        0.065521,
        6.845798
      ],
      [
        0.03845,
        0.079942,
        0.02815,
        6.852348,
        0.038291000000000006,
        0.06506100000000001,
        0.032981,
        6.876208,
        0.038061,
        0.064771,
        0.033429999999999994,
        6.96268,
        0.046100999999999996,
        0.034441,
        0.03612,
        7.014651000000001,
        0.040791,
        0.03322,
        0.032991000000000006,
        7.025631,
        0.040991,
        0.03341,
        0.034061,
        6.388450000000001,
        0.039781,
        0.03374,
        0.033791,
        6.903029,
        0.03969,
        0.034281,
        0.033311,
