{
  "backend": "hip",
  "correctness": {
    "nan_or_inf_detected": false,
    "verified": true
  },
  "decode": {
    "embedding_step_ms": [
      1.115955,
      1.070284,
      1.091484,
      1.0689339999999998,
      1.061294,
      1.0786140000000002,
      1.062344,
      1.077674,
      1.0716350000000001,
      1.062734,
      1.0917240000000001,
      1.064684,
      1.065874,
      1.093654,
      1.0724339999999999
    ],
    "end_to_end_generated_tps": 1.5866537409959323,
    "last_top_logits": [
      {
        "logit": 8.611001968383789,
        "token_id": 70182
      }
    ],
    "layer_step_ms": [
      [
        0.05584,
        0.04021,
        0.03762,
        10.608131,
        0.0536,
        0.046201,
        0.04303,
        10.756591,
        0.053579999999999996,
        0.042771,
        0.04396,
        10.490070000000001,
        0.052559999999999996,
        0.045091,
        0.04383,
        10.56173,
        0.051471,
        0.04468,
        0.0427,
        8.016440999999999,
        0.0523,
        0.04346,
        0.04449,
        8.211132,
        0.05229,
        0.074491,
        0.04353,
        7.8828000000000005,
        0.08246,
        0.040590999999999995,
        0.03824,
        7.803
      ],
      [
        0.043519999999999996,
        0.030171,
        0.02903,
        8.021861,
        0.04508,
        0.03521,
        0.03696,
        7.6992400000000005,
        0.044270000000000004,
        0.03554,
        0.03656,
        7.129898,
        0.04727,
        0.037540000000000004,
        0.03626,
        14.824887,
        0.05305,
        0.043961,
        0.04254,
        10.010068,
        0.051461,
        0.041019999999999994,
        0.0421,
        9.133325,
        0.051530000000000006,
        0.04282,
        0.043011,
        9.019813999999998,
        0.051981,
        0.0414,
        0.04082,
        9.284306
      ],
      [
        0.05012,
        0.036551,
        0.03535,
        9.203615,
        0.050550000000000005,
        0.0421,
        0.043601,
        9.804407,
        0.051631,
        0.041409999999999995,
        0.04289,
        9.248496,
        0.05043,
        0.041019999999999994,
        0.0392,
        14.611067,
        0.05328,
        0.03963,
        0.039060000000000004,
        9.846498,
        0.04773,
        0.03885,
        0.03821,
        9.217656,
        0.0478,
        0.03786,
        0.03876,
        8.927045,
        0.04705,
        0.03712,
        0.03712,
        8.956815
      ],
      [
        0.043949999999999996,
        0.03389,
        0.031819999999999994,
        9.034975000000001,
        0.05007,
        0.039881,
        0.03943,
        9.268816,
        0.046239999999999996,
        0.037750000000000006,
        0.039799999999999995,
        9.150565,
        0.04684,
        0.038191,
        0.038770000000000006,
        15.104378,
        0.049589999999999995,
        0.03799,
        0.03817,
        9.571767,
        0.046181,
        0.03798,
        0.0371,
        9.631387,
        0.04617,
        0.0346,
        0.03696,
        9.131456,
        0.04564,
        0.03695,
        0.03703,
        9.211856
      ],
      [
        0.04351,
        0.03396,
        0.03032,
        9.688428,
        0.04717,
        0.0375,
        0.03898,
        9.135895,
        0.049911,
        0.07265,
        0.04313,
        9.867697999999999,
        0.08271999999999999,
        0.04065,
        0.041571,
        14.355585000000001,
        0.050899999999999994,
        0.04158,
        0.040720000000000006,
        9.968888999999999,
        0.05016,
        0.039060000000000004,
        0.04027,
        9.437317,
        0.04886,
        0.03957,
        0.039830000000000004,
        8.832134,
        0.05028,
        0.040121,
        0.03889,
        9.288056
      ],
      [
        0.04969,
        0.03755,
        0.035421,
        10.160259,
        0.08271999999999999,
        0.04012,
        0.04202,
        10.044869,
        0.049049999999999996,
        0.039740000000000004,
        0.041041,
        9.950088,
        0.047830000000000004,
        0.03898,
        0.04043,
        14.102855,
        0.049389999999999996,
        0.039369999999999995,
        0.03808,
        9.776238,
        0.04734,
        0.03943,
        0.0385,
        9.085835000000001,
        0.047451,
        0.037200000000000004,
        0.038220000000000004,
        9.022495000000001,
        0.048310000000000006,
        0.038689999999999995,
        0.03842,
        9.223416
      ],
      [
        0.04477,
        0.03372,
        0.032861,
        9.431756,
        0.05142,
        0.03791,
        0.04002,
        9.794008,
        0.04709,
        0.03802,
        0.040121,
        9.905168000000002,
        0.04922,
        0.04109,
        0.038720000000000004,
        14.199795,
        0.04711,
        0.03792,
        0.038071,
        9.506746,
        0.04468,
        0.03658,
        0.039111,
        9.284155,
        0.046331000000000004,
        0.03437,
        0.03927,
        9.235605,
        0.046451,
        0.03868,
        0.03762,
        8.997865000000001
      ],
      [
        0.04855,
        0.03782,
        0.03462,
        9.756698,
        0.04883,
        0.04077,
        0.041441,
        9.477096000000001,
        0.05073,
        0.04063,
        0.040041,
        9.317936000000001,
        0.04791,
        0.04043,
        0.040330000000000005,
        14.789727000000001,
        0.05202,
        0.04213,
        0.04074,
        9.739137999999999,
        0.049,
        0.039650000000000005,
        0.041881,
        9.556936,
        0.049351,
        0.040389999999999995,
        0.04115,
        9.007805000000001,
        0.04952,
        0.04112,
        0.04048,
        9.043725
      ],
      [
        0.04728,
        0.03629,
        0.033420000000000005,
        8.897205,
        0.0492,
        0.03854,
        0.04053,
        9.046965,
        0.04814,
        0.03982,
        0.039351000000000004,
        9.104545,
        0.047630000000000006,
        0.03886,
        0.03945,
        15.131839,
        0.0474,
        0.0376,
        0.03841,
        10.373331,
        0.046060000000000004,
        0.036449999999999996,
        0.03773,
        9.237596,
        0.0466,
        0.03678,
        0.0374,
        9.342057,
        0.045939999999999995,
        0.03746,
        0.03803,
        9.096655
      ],
      [
        0.07469,
        0.03396,
        0.03119,
        9.067455,
        0.044771000000000005,
        0.03589,
        0.03889,
        9.144835,
        0.046151,
        0.03641,
        0.03858,
        9.067445000000001,
        0.04736,
        0.03905,
        0.037540000000000004,
        14.620587,
        0.048029999999999996,
        0.03854,
        0.038651,
        10.842972,
        0.046239999999999996,
        0.03661,
        0.037079999999999995,
        9.288886,
        0.04577,
        0.04025,
        0.0399,
        9.152096,
        0.049049999999999996,
        0.039119999999999995,
        0.03757,
        9.360517
      ],
      [
        0.048711000000000004,
        0.03629,
        0.034190000000000005,
        9.081095000000001,
        0.05088,
        0.076101,
        0.04193,
        8.844484,
        0.04926,
        0.07306,
        0.042391,
        8.888224000000001,
        0.08248,
        0.04134,
        0.040361,
        14.879477,
        0.051641,
        0.041210000000000004,
        0.04248,
        10.820862,
        0.08066999999999999,
        0.04047,
        0.04028,
        9.315136,
        0.051310999999999996,
        0.04279,
        0.04208,
        9.430797,
        0.04757,
        0.04019,
        0.03841,
        9.157146
      ],
      [
        0.04776,
        0.035641,
        0.031619999999999995,
        9.165805,
        0.047240000000000004,
        0.040751,
        0.03994,
