{
  "backend": "hip",
  "correctness": {
    "nan_or_inf_detected": false,
    "verified": true
  },
  "decode": {
    "embedding_step_ms": [
      1.2226240000000002,
      1.0982830000000001,
      1.100033,
      1.072673,
      1.143424,
      1.096843,
      1.1064530000000001,
      1.135613,
      1.104953,
      1.1091129999999998,
      1.080653,
      1.105803,
      1.0997629999999998,
      1.106933,
      1.130973
    ],
    "end_to_end_generated_tps": 1.6874117540536864,
    "last_top_logits": [
      {
        "logit": 8.611000061035156,
        "token_id": 70182
      }
    ],
    "layer_step_ms": [
      [
        0.057371,
        0.038770000000000006,
        0.038451,
        4.938218,
        0.054831,
        0.04168,
        0.044071,
        4.927817999999999,
        0.05696,
        0.040791,
        0.04092,
        5.0000089999999995,
        0.088311,
        0.043061,
        0.03995,
        4.999109,
        0.051321,
        0.041270999999999995,
        0.04065,
        5.034369000000001,
        0.051411,
        0.03938,
        0.038701,
        5.022199,
        0.049551,
        0.03617,
        0.036921,
        5.0183789999999995,
        0.0479,
        0.036501,
        0.03531,
        5.07446
      ],
      [
        0.039101,
        0.060331,
        0.027030000000000002,
        5.031509,
        0.050081,
        0.03213,
        0.031591,
        4.973388,
        0.048891000000000004,
        0.03336,
        0.031821,
        5.1026,
        0.044011,
        0.032,
        0.0315,
        5.027410000000001,
        0.049249999999999995,
        0.032451,
        0.032839999999999994,
        5.027038999999999,
        0.050101,
        0.03361,
        0.032491,
        5.036989,
        0.045120999999999994,
        0.031619999999999995,
        0.03145,
        5.08438,
        0.039831,
        0.03225,
        0.032381,
        5.085259
      ],
      [
        0.038300999999999995,
        0.0277,
        0.02657,
        5.001739,
        0.045211,
        0.03132,
        0.032121,
        5.041279,
        0.050941,
        0.03217,
        0.032261000000000005,
        5.037749,
        0.045701,
        0.03295,
        0.0322,
        5.05493,
        0.076731,
        0.03139,
        0.031851,
        5.13145,
        0.048541,
        0.03213,
        0.03161,
        5.054539999999999,
        0.050961,
        0.03184,
        0.031760000000000004,
        5.003799,
        0.049601,
        0.032440000000000004,
        0.031711,
        4.999089
      ],
      [
        0.038829999999999996,
        0.02694,
        0.026851,
        5.039559,
        0.049461,
        0.031529999999999996,
        0.06624100000000001,
        4.972588,
        0.045691,
        0.033229999999999996,
        0.032261000000000005,
        5.039609,
        0.047641,
        0.033859999999999994,
        0.032750999999999995,
        4.997859,
        0.04907,
        0.03173,
        0.033161,
        5.05479,
        0.04576,
        0.03262,
        0.032121,
        5.027499000000001,
        0.047741000000000006,
        0.032,
        0.032,
        5.0066,
        0.04784,
        0.032351000000000005,
        0.03429,
        5.024139000000001
      ],
      [
        0.03851,
        0.027641,
        0.02667,
        5.12831,
        0.049911,
        0.03309,
        0.032750999999999995,
        4.965198,
        0.049241,
        0.03241,
        0.033601,
        5.11867,
        0.049331,
        0.031619999999999995,
        0.03225,
        5.0322700000000005,
        0.045259999999999995,
        0.032451,
        0.03431,
        5.008469,
        0.045231,
        0.0318,
        0.032211000000000004,
        5.0282089999999995,
        0.080571,
        0.03273,
        0.032151,
        4.9786079999999995,
        0.043931,
        0.03234,
        0.032921,
        5.055699000000001
      ],
      [
        0.03787,
        0.026551,
        0.02638,
        5.08197,
        0.04487,
        0.032161,
        0.0315,
        4.997209,
        0.049441000000000006,
        0.03282,
        0.0322,
        5.02959,
        0.0451,
        0.031721,
        0.031760000000000004,
        5.08697,
        0.044990999999999996,
        0.03207,
        0.03231,
        5.08611,
        0.049861,
        0.03264,
        0.032081,
        5.06846,
        0.05269,
        0.032171,
        0.032499999999999994,
        5.0402190000000004,
        0.050581,
        0.03205,
        0.032551000000000004,
        4.995899
      ],
      [
        0.03796,
        0.02616,
        0.026841,
        5.014759,
        0.05049,
        0.036371,
        0.0307,
        4.927538,
        0.078791,
        0.032031,
        0.03226,
        4.974438999999999,
        0.049450999999999995,
        0.032209999999999996,
        0.03171,
        5.03119,
        0.047939999999999997,
        0.032281,
        0.032150000000000005,
        5.07855,
        0.047630000000000006,
        0.032910999999999996,
        0.03183,
        5.02679,
        0.04681,
        0.031900000000000005,
        0.032381,
        5.026069000000001,
        0.050911,
        0.03333,
        0.03226,
        5.018199999999999
      ],
      [
        0.038331000000000004,
        0.02751,
        0.0263,
        5.02255,
        0.045590000000000006,
        0.031291,
        0.031149999999999997,
        4.980448999999999,
        0.04396,
        0.032391,
        0.032580000000000005,
        5.0237989999999995,
        0.043821,
        0.03253,
        0.032410999999999995,
        5.09075,
        0.04449,
        0.032041,
        0.03211,
        5.013809,
        0.045381,
        0.03299,
        0.03329,
        4.9910190000000005,
        0.049031,
        0.03189,
        0.031951,
        5.031229,
        0.047301,
        0.03206,
        0.03263,
        5.03678
      ],
      [
        0.038141,
        0.026889999999999997,
        0.02621,
        5.05297,
        0.05032,
        0.031711,
        0.03203,
        4.935148,
        0.051271,
        0.03252,
        0.032570999999999996,
        5.063098999999999,
        0.042231000000000005,
        0.03251,
        0.032311,
        5.064469,
        0.044661,
        0.03113,
        0.032541,
        5.050579,
        0.053350999999999996,
        0.032549999999999996,
        0.031741,
        5.045689,
        0.049241,
        0.03219,
        0.032221,
        5.037849,
        0.043791000000000004,
        0.031860000000000006,
        0.03347,
        5.0320800000000006
      ],
      [
        0.03938,
        0.028821,
        0.027540000000000002,
        4.935908,
        0.052401,
        0.03341,
        0.032421,
        4.983818,
        0.053871,
        0.03239,
        0.033851,
        5.0442789999999995,
        0.050251,
        0.03325,
        0.032791,
        5.052809,
        0.039620999999999996,
        0.03198,
        0.032891000000000004,
        5.045689,
        0.049381,
        0.03277,
        0.03185,
        5.045789999999999,
        0.047241,
        0.03188,
        0.03203,
        5.006438999999999,
        0.044121,
        0.031819999999999994,
        0.032161,
        5.005639
      ],
      [
        0.03908,
        0.02769,
        0.027301,
        4.986598,
        0.047421,
        0.0326,
        0.033131,
        4.967608,
        0.048230999999999996,
        0.03131,
        0.031390999999999995,
        5.027619,
        0.077901,
        0.03119,
        0.032181,
        5.009068999999999,
        0.04283,
        0.032091,
        0.031479999999999994,
        5.03235,
        0.045939999999999995,
        0.033510000000000005,
        0.032570999999999996,
        5.06387,
        0.05023,
        0.032241,
        0.0318,
        5.026439,
        0.046530999999999996,
        0.03238,
        0.032261000000000005,
        5.012749
      ],
      [
        0.03932,
