{
  "backend": "hip",
  "correctness": {
    "nan_or_inf_detected": false,
    "verified": true
  },
  "decode": {
    "embedding_step_ms": [
      1.124683,
      1.061242,
      1.0545419999999999,
      1.41517,
      1.096283,
      1.048992,
      1.065372,
      1.032642,
      1.040131,
      1.068942,
      1.0165110000000002,
      1.087523,
      1.030391,
      1.060772,
      1.048712
    ],
    "end_to_end_generated_tps": 1.1993878958955393,
    "last_top_logits": [
      {
        "logit": 8.611007690429688,
        "token_id": 70182
      }
    ],
    "layer_step_ms": [
      [
        5.692187,
        5.6302069999999995,
        5.6395159999999995,
        3.040813,
        5.639046,
        5.616256,
        5.665758,
        3.002742,
        5.610085,
        5.608346,
        5.624836,
        3.168806,
        5.645276,
        5.639677,
        5.626436,
        2.994362,
        5.611846,
        5.621256,
        5.591225,
        3.162636,
        5.618126,
        5.664687,
        5.638526,
        3.063034,
        5.622376,
        5.624106,
        5.646076,
        3.063254,
        5.650606,
        5.655827,
        5.656437,
        2.995742
      ],
      [
        5.696917999999999,
        5.632446,
        5.637167,
        3.055173,
        5.649156,
        5.648987,
        5.672617,
        3.023833,
        5.656536999999999,
        5.647956,
        5.6250670000000005,
        3.062733,
        5.613956,
        5.657997,
        5.638286,
        3.2705379999999997,
        5.638205999999999,
        5.644467000000001,
        5.654996,
        3.050843,
        5.619407,
        5.585735,
        5.659987,
        3.101684,
        5.622716,
        5.643787,
        5.614775,
        3.0615439999999996,
        5.647756,
        5.658087,
        5.647827,
        3.073283
      ],
      [
        5.652737,
        5.653326,
        5.629437,
        3.1545449999999997,
        5.662267,
        5.626396,
        5.645367,
        3.270187,
        5.680918,
        5.622556,
        5.623775999999999,
        3.542213,
        5.632936,
        5.619476,
        5.652647,
        3.542733,
        5.633306999999999,
        5.6688670000000005,
        5.625106000000001,
        3.535913,
        5.604196,
        5.668287,
        5.6071860000000004,
        3.573373,
        5.628557,
        5.640816,
        5.626596,
        3.160166,
        5.636856,
        5.685517,
        5.6673670000000005,
        3.537054
      ],
      [
        5.690197,
        5.688137,
        5.646107,
        3.587304,
        5.666247,
        5.652037,
        5.653846,
        3.584384,
        5.679798,
        5.612825999999999,
        5.6387160000000005,
        3.586954,
        5.634296,
        5.640307,
        5.700727,
        3.811279,
        5.668157,
        5.732819,
        5.686377,
        3.640065,
        5.670927,
        5.6645769999999995,
        5.617766,
        3.523613,
        5.660007,
        5.6379660000000005,
        5.652316999999999,
        3.531213,
        5.6442760000000005,
        5.614856,
        5.6432970000000005,
        3.096504
      ],
      [
        5.642056,
        5.622456,
        5.622426,
        3.5880140000000003,
        5.629477,
        5.610485,
        5.6422870000000005,
        3.362779,
        5.749979,
        5.634756,
        5.646297,
        3.579904,
        5.583725,
        5.589356,
        5.650626,
        3.560594,
        5.639906,
        5.596036000000001,
        5.665147,
        3.5876940000000004,
        5.6598869999999994,
        5.666927,
        5.610586,
        3.526542,
        5.6211459999999995,
        5.622736,
        5.610276,
        3.547644,
        5.627066,
        5.639836,
        5.613066,
        3.600714
      ],
      [
        5.675066999999999,
        5.6363460000000005,
        5.657857,
        3.725367,
        5.6115260000000005,
        5.666727,
        5.613296,
        3.593004,
        5.664257,
        5.625126,
        5.624726,
        3.6163749999999997,
        5.666167,
        5.639716,
        5.645497,
        3.633825,
        5.6581269999999995,
        5.635306,
        5.626606,
        3.651916,
        5.611136,
        5.627776,
        5.6075550000000005,
        3.652776,
        5.631756,
        5.655377,
        5.6631670000000005,
        3.593884,
        5.6382769999999995,
        5.634466000000001,
        5.625736,
        3.567224
      ],
      [
        5.681167,
        5.690698,
        5.657306,
        3.6805660000000002,
        5.606906,
        5.621816,
        5.6211459999999995,
        3.621665,
        5.641846,
        5.612106000000001,
        5.575045,
        3.676316,
        5.649847,
        5.643536,
        5.6587570000000005,
        3.701377,
        5.663317,
        5.6404760000000005,
        5.696638,
        3.674966,
        5.638926,
        5.613626,
        5.635906,
        3.6756860000000002,
        5.621336,
        5.672757,
        5.6664769999999995,
        3.633165,
        5.603186,
        5.625306,
        5.628466,
        3.7759579999999997
      ],
      [
        5.681937,
        5.669297,
        5.637796,
        3.725317,
        5.621246,
        5.636807,
        5.655657,
        3.666095,
        5.647347,
        5.595245,
        5.595206,
        3.703886,
        5.655867,
        5.611496,
        5.631556000000001,
        3.742418,
        5.665226,
        5.667718000000001,
        5.674237000000001,
        3.691676,
        5.6484559999999995,
        5.643417,
        5.659677,
        3.714126,
        5.647407,
        5.6582669999999995,
        5.634366,
        3.716147,
        5.641646,
        5.660697,
        5.649557000000001,
        3.7012159999999996
      ],
      [
        5.685808,
        5.735798,
        5.713547999999999,
        3.787888,
        5.608575999999999,
        5.647056999999999,
        5.6518369999999996,
        3.727736,
        5.668658,
        5.618996,
        5.609035,
        3.767988,
        5.623816000000001,
        5.664696999999999,
        5.6429469999999995,
        3.7037459999999998,
        5.613286,
        5.637016,
        5.637287000000001,
        3.770368,
        5.591685,
        5.649117,
        5.632326,
        3.745297,
        5.658037,
        5.607696,
        5.641096,
        3.7505479999999998,
        5.629276,
        5.663657,
        5.631306,
        3.733447
      ],
      [
        5.668427,
        5.645837,
        5.626056,
        3.807539,
        5.626856,
        5.617166,
        5.681267,
        3.815789,
        5.6377060000000006,
        5.658807,
        5.638666,
        3.816729,
        5.606316,
        5.616696,
        5.622456,
        3.8061380000000002,
        5.632316,
        5.627797,
        5.635456,
        3.776968,
        5.631026,
        5.6405270000000005,
        5.647366,
        3.759758,
        5.624486,
        5.651166,
        5.640407,
        3.830669,
        5.627226,
        5.662087,
        5.631886,
        3.7798179999999997
      ],
      [
        5.686177,
        5.637055999999999,
        5.625166,
        3.84743,
        5.611596,
        5.643466,
        5.619866,
        3.850439,
        5.713267999999999,
        5.701228,
        5.650307000000001,
        3.799108,
        5.605335999999999,
        5.644196,
        5.631927,
        3.860459,
        5.615736,
        5.657207,
        5.675987,
        3.800668,
        5.619066,
        5.665627000000001,
        5.604986,
        3.835289,
        5.653537,
        5.696727,
        5.651547,
        3.815049,
        5.615946,
        5.632896,
        5.6829469999999995,
        3.88301
      ],
      [
        5.634145999999999,
        5.6582170000000005,
        5.636646000000001,
        3.9098409999999997,
        5.595835,
        5.602666,
        5.608866,
