{
  "backend": "hip",
  "correctness": {
    "nan_or_inf_detected": false,
    "verified": true
  },
  "decode": {
    "embedding_step_ms": [
      1.103109,
      1.0946090000000002,
      1.070849,
      1.050438,
      1.0564490000000002,
      1.084509,
      1.051768
    ],
    "end_to_end_generated_tps": 0.6488202926366753,
    "last_top_logits": [
      {
        "logit": 9.850550651550293,
        "token_id": 24
      }
    ],
    "layer_step_ms": [
      [
        6.467274000000001,
        6.423553,
        6.386172,
        3.012403,
        6.387243,
        6.395862,
        6.3618820000000005,
        3.071514,
        6.376582000000001,
        6.419313000000001,
        6.395643000000001,
        3.102674,
        6.382603,
        6.426983,
        6.396902000000001,
        3.118635,
        6.348082,
        6.328310999999999,
        6.370312,
        3.004273,
        6.381782,
        6.365451999999999,
        6.394152999999999,
        3.1112539999999997,
        6.375663,
        6.398512,
        6.427563,
        3.081124,
        6.395293,
        6.397433,
        6.372112,
        3.1122340000000004
      ],
      [
        6.398833,
        6.354951,
        6.446994,
        3.021713,
        6.364862,
        6.402693,
        6.349470999999999,
        3.184966,
        6.364872,
        6.4109229999999995,
        6.3984630000000005,
        3.075874,
        6.359191999999999,
        6.437532999999999,
        6.389452,
        3.050454,
        6.381372,
        6.393593,
        6.4130519999999995,
        3.41112,
        6.373772,
        6.410753,
        6.3727920000000005,
        3.1317649999999997,
        6.384313,
        6.384342,
        6.326431,
        3.149376,
        6.4181230000000005,
        6.3914219999999995,
        6.381542,
        3.012573
      ],
      [
        6.402642,
        6.399163000000001,
        6.424093,
        3.5270520000000003,
        6.355162,
        6.394482,
        6.389803000000001,
        3.41362,
        6.4231929999999995,
        6.382732000000001,
        6.423642999999999,
        3.0920140000000003,
        6.4095130000000005,
        6.358062,
        6.402863,
        3.478671,
        6.424783,
        6.366382000000001,
        6.377902000000001,
        3.140115,
        6.391403,
        6.359840999999999,
        6.405813,
        3.109025,
        6.374122000000001,
        6.396312,
        6.431924,
        3.45717,
        6.422492999999999,
        6.389223,
        6.377702,
        3.4597209999999996
      ],
      [
        6.419112999999999,
        6.370731999999999,
        6.419793,
        3.509112,
        6.385911999999999,
        6.423082999999999,
        6.437653,
        3.502692,
        6.368542,
        6.4014429999999996,
        6.380672000000001,
        3.4998009999999997,
        6.399783,
        6.377152,
        6.394813,
        3.561192,
        6.315721,
        6.370603,
        6.363911,
        3.505512,
        6.379962,
        6.412613,
        6.3882330000000005,
        3.510531,
        6.391553,
        6.370082,
        6.363912,
        3.489351,
        6.393371999999999,
        6.396453,
        6.377732,
        3.507502
      ],
      [
        6.447993,
        6.4475940000000005,
        6.364701999999999,
        3.5452719999999998,
        6.353922,
        6.369342,
        6.389592,
        3.551863,
        6.3548420000000005,
        6.432633,
        6.350601,
        3.5957939999999997,
        6.405462,
        6.374843,
        6.362941,
        3.5706230000000003,
        6.376512,
        6.4224429999999995,
        6.360672,
        3.5317030000000003,
        6.335391,
        6.3585519999999995,
        6.434973,
        3.594383,
        6.4631940000000005,
        6.349932,
        6.3442810000000005,
        3.527952,
        6.369952,
        6.409343,
        6.4105430000000005,
        3.588163
      ],
      [
        6.3999820000000005,
        6.395912999999999,
        6.420703,
        3.501681,
        6.3518419999999995,
        6.350662,
        6.421333000000001,
        3.626864,
        6.444093,
        6.361282,
        6.3595120000000005,
        3.769476,
        6.369452,
        6.423773,
        6.417023,
        3.6094030000000004,
        6.372322,
        6.368412,
        6.372942,
        3.643335,
        6.397232,
        6.398542999999999,
        6.375522,
        3.569163,
        6.384142,
        6.387182,
        6.402693,
        3.636054,
        6.444473,
        6.373702,
        6.373412,
        3.613694
      ],
      [
        6.485114,
        6.413153,
        6.412063,
        3.401129,
        6.374933,
        6.404262,
        6.385873,
        3.706045,
        6.376672,
        6.447824,
        6.347361,
        3.6807049999999997,
        6.354922,
        6.407272000000001,
        6.375553,
        3.632413,
        6.414263,
        6.388353,
        6.397082,
        3.660294,
        6.4498940000000005,
        6.373142,
        6.405263,
        3.6667840000000003,
        6.364912,
        6.425103,
        6.412693,
        3.614084,
        6.348431,
        6.363861999999999,
        6.389482999999999,
        3.6838740000000003
      ]
    ],
    "layers_step_ms": [
      177.990971,
      178.349447,
      180.16301900000002,
      181.390281,
      181.797748,
      182.337797,
      182.564921
    ],
    "lm_head_step_ms": [
      7.069645,
      7.075724999999999,
      7.095325000000001,
      7.074464,
      7.0279929999999995,
      7.074544,
      7.086175
    ],
    "positions": [
      16,
      17,
      18,
      19,
      20,
      21,
      22
    ],
    "requested_generated_tokens": 8,
    "step_wall_ms": [
      186.164835,
      186.520871,
      188.330323,
      189.515973,
      189.88314,
      190.49775,
      190.70389400000002
    ],
    "timed_incremental_steps": 7,
    "timed_step_tps": 5.296542896663844,
    "wall_ms": 1321.616786
  },
  "decode_mode": "hybrid_incremental_greedy",
  "device_index": 2,
  "device_name": "AMD Radeon Graphics",
  "device_total_global_mem": 34208743424,
  "final_sequence_len": 24,
  "generated_token_ids": [
    17,
    18,
    19,
    20,
    21,
    22,
    23,
    24
  ],
  "git_commit": "74486d9e2f7d78e696e199708739edb1ae6bc936",
  "hidden": 4096,
  "incremental_decode": true,
  "layer_kinds": [
    "linear_attention",
    "linear_attention",
    "linear_attention",
    "self_attention",
    "linear_attention",
    "linear_attention",
    "linear_attention",
    "self_attention",
    "linear_attention",
    "linear_attention",
    "linear_attention",
    "self_attention",
    "linear_attention",
    "linear_attention",
    "linear_attention",
    "self_attention",
    "linear_attention",
    "linear_attention",
    "linear_attention",
    "self_attention",
    "linear_attention",
    "linear_attention",
    "linear_attention",
    "self_attention",
    "linear_attention",
    "linear_attention",
    "linear_attention",
    "self_attention",
    "linear_attention",
    "linear_attention",
    "linear_attention",
    "self_attention"
  ],
  "layers": [
    0,
    1,
    2,
    3,
    4,
    5,
    6,
    7,
    8,
    9,
    10,
    11,
    12,
    13,
    14,
    15,
    16,
    17,
    18,
    19,
    20,
    21,
    22,
    23,
    24,
    25,
    26,
    27,
    28,
    29,
    30,
    31
  ],
  "lm_head_chunk_rows": 8192,
  "lm_head_runtime": {
    "dtype": "BF16",
    "hidden": 4096,
    "load_ms": 5525.892326,
    "matrix_bytes": 4068474880,
    "mode": "gpu_resident_f32",
    "shape": [
      248320,
      4096
    ],
    "tensor": "lm_head.weight",
    "vocab": 248320
  },
  "memory": {
    "block_size": 24,
    "cache_blocks": 1,
    "kv_cache_allocated_blocks": 8,
    "kv_cache_block_size": 24,
    "kv_cache_bytes": 1572864,
    "kv_cache_free_blocks": 0,
    "kv_cache_self_attn_layers": 8,
    "kv_cache_value_dtype": "f32",