{
  "backend": "hip",
  "correctness": {
    "nan_or_inf_detected": false,
    "verified": true
  },
  "decode": {
    "embedding_step_ms": [
      1.150738,
      1.4521899999999999,
      1.41835,
      1.275418,
      1.2671189999999999,
      1.2766190000000002,
      1.266439,
      1.4474500000000001,
      1.3398800000000002,
      1.336329,
      1.4062199999999998,
      1.291839,
      1.275699,
      1.48264,
      1.3766500000000002
    ],
    "end_to_end_generated_tps": 1.5488332648260665,
    "last_top_logits": [
      {
        "logit": 8.611001968383789,
        "token_id": 70182
      }
    ],
    "layer_step_ms": [
      [
        0.062601,
        0.03892,
        0.07192,
        9.512867,
        0.06362999999999999,
        0.045321,
        0.04357,
        9.838179,
        0.05935,
        0.04473,
        0.041610999999999995,
        9.831008,
        0.066111,
        0.04873,
        0.047221,
        9.833028,
        0.067231,
        0.04978,
        0.048229999999999995,
        9.549076999999999,
        0.061881,
        0.04629,
        0.04546,
        9.720568,
        0.05803,
        0.044371,
        0.04434,
        9.856979,
        0.07093999999999999,
        0.042880999999999996,
        0.03982,
        9.768778000000001
      ],
      [
        0.07859000000000001,
        0.047041,
        0.04678,
        8.675331,
        0.06663000000000001,
        0.06263,
        0.047581,
        7.948175,
        0.067881,
        0.04816,
        0.046931,
        8.795311,
        0.07822000000000001,
        0.049561,
        0.04841,
        7.581423,
        0.07189100000000001,
        0.04913,
        0.04795,
        7.677614,
        0.08388000000000001,
        0.048751,
        0.04761,
        9.822949,
        0.07061,
        0.049311,
        0.04585,
        9.704977999999999,
        0.06462999999999999,
        0.046400000000000004,
        0.045041,
        9.675296999999999
      ],
      [
        0.0596,
        0.041191,
        0.04375,
        9.801389,
        0.06951,
        0.049280000000000004,
        0.045581,
        9.935559,
        0.06575,
        0.046811000000000005,
        0.04615,
        9.614347,
        0.053321,
        0.04714,
        0.04502,
        10.00471,
        0.059431,
        0.04675,
        0.04553,
        9.848298999999999,
        0.06521099999999999,
        0.046400000000000004,
        0.044020000000000004,
        9.913488999999998,
        0.059511,
        0.03935,
        0.03918,
        8.981302999999999,
        0.054759999999999996,
        0.039731,
        0.05006,
        8.991693
      ],
      [
        0.047701,
        0.03325,
        0.03266,
        7.8634949999999995,
        0.056121,
        0.03985,
        0.03659,
        8.748011,
        0.055941,
        0.03846,
        0.03664,
        7.624803,
        0.058841000000000004,
        0.03824,
        0.035719999999999995,
        7.718184,
        0.060051,
        0.036739999999999995,
        0.049589999999999995,
        12.85091,
        0.05634,
        0.037190999999999995,
        0.048560000000000006,
        9.587076999999999,
        0.05554,
        0.037291,
        0.036829999999999995,
        10.149681000000001,
        0.056369999999999996,
        0.03746,
        0.038581000000000004,
        10.03359
      ],
      [
        0.0461,
        0.031821,
        0.03168,
        10.448393,
        0.055510000000000004,
        0.03902,
        0.036611,
        10.191721000000001,
        0.05561,
        0.03786,
        0.035330999999999994,
        9.660607,
        0.053921000000000004,
        0.036879999999999996,
        0.03687,
        12.190985,
        0.049811,
        0.03583,
        0.03821,
        11.47374,
        0.059071,
        0.03771,
        0.03592,
        9.092263999999998,
        0.05726,
        0.03653,
        0.036301,
        8.968522,
        0.056001,
        0.03641,
        0.03691,
        9.005842999999999
      ],
      [
        0.04549,
        0.031529999999999996,
        0.031741,
        10.013620000000001,
        0.05559,
        0.038489999999999996,
        0.036539999999999996,
        9.542157000000001,
        0.05546,
        0.037701,
        0.04744,
        9.303385,
        0.04818,
        0.036701,
        0.03605,
        14.732133,
        0.05864,
        0.03748,
        0.036101,
        9.610877,
        0.055420000000000004,
        0.047981,
        0.0361,
        9.500196,
        0.051820000000000005,
        0.037451,
        0.036860000000000004,
        10.01123,
        0.05396,
        0.036861,
        0.03632,
        9.897159
      ],
      [
        0.04603,
        0.031560000000000005,
        0.03105,
        9.90757,
        0.05447,
        0.03827,
        0.035841,
        10.021600000000001,
        0.05475,
        0.04883,
        0.037001,
        10.154710000000001,
        0.055390999999999996,
        0.037219999999999996,
        0.03642,
        13.138112,
        0.05686,
        0.037461,
        0.03769,
        9.728138000000001,
        0.05439,
        0.036431,
        0.03635,
        9.083363,
        0.064961,
        0.04462,
        0.04536,
        9.037893,
        0.06058,
        0.04303,
        0.040661,
        9.294144000000001
      ],
      [
        0.066221,
        0.044539999999999996,
        0.04315,
        10.567304,
        0.066801,
        0.0493,
        0.04704,
        10.434802999999999,
        0.103111,
        0.046869999999999995,
        0.045880000000000004,
        15.926321999999999,
        0.07045,
        0.049941,
        0.04678,
        9.139823999999999,
        0.08299000000000001,
        0.046971,
        0.046279999999999995,
        10.06617,
        0.06946100000000001,
        0.04485,
        0.04516,
        9.709628,
        0.056799999999999996,
        0.044521000000000005,
        0.04589,
        9.897969,
        0.062421000000000004,
        0.04255,
        0.042039999999999994,
        9.910119
      ],
      [
        0.0567,
        0.075061,
        0.03866,
        9.875589,
        0.09015,
        0.044400999999999996,
        0.04174,
        10.102951000000001,
        0.06192,
        0.04328,
        0.041111,
        13.222722,
        0.06336,
        0.041801000000000005,
        0.03978,
        9.403445999999999,
        0.05705,
        0.04218,
        0.041581,
        9.98536,
        0.06187,
        0.04287,
        0.041801000000000005,
        9.775838,
        0.07063000000000001,
        0.054891,
        0.05253,
        8.774042,
        0.05463,
        0.04122,
        0.040621000000000004,
        8.821430999999999
      ],
      [
        0.052571,
        0.03812,
        0.038720000000000004,
        10.154591,
        0.0554,
        0.042531000000000006,
        0.042249999999999996,
        10.447623,
        0.06435099999999999,
        0.04139,
        0.03998,
        13.176662,
        0.053961,
        0.042370000000000005,
        0.04015,
        9.820659000000001,
        0.07155,
        0.036781,
        0.03665,
        9.342295,
        0.060361,
        0.036520000000000004,
        0.03651,
        9.088624,
        0.052129999999999996,
        0.037081,
        0.0382,
        8.747611000000001,
        0.05673,
        0.037031,
        0.03761,
        8.745341
      ],
      [
        0.049839999999999995,
        0.03433,
        0.03506,
        10.133091,
        0.051951,
        0.03957,
        0.0376,
        10.599804,
        0.065131,
        0.03896,
        0.03963,
        11.707312,
        0.058391,
        0.039169999999999996,
        0.03823,
        9.555297000000001,
        0.056280000000000004,
        0.037941,
        0.037669999999999995,
        9.680848000000001,
        0.054849999999999996,
        0.03786,
        0.037371,
        9.668667000000001,
        0.051801,
        0.03855,
        0.03816,
