{
    "elapsed_time": 5.677776827011257,
    "num_requests": 1,
    "total_num_tokens": 640,
    "requests_per_second": 0.1761252741112745,
    "tokens_per_second": 112.72017543121567
}