{
  "schema_version": "aq-codebook-opt-experiment-v0.1",
  "timestamp_utc": "2026-07-01T16:10:24.510141+00:00",
  "settings": {
    "model_dir": "/home/homelab1/datapool/ai_models/safetensors/Qwen/Qwen3.5-9B",
    "tensor_pattern": "\\.weight$",
    "families": [
      "mlp_up"
    ],
    "candidate": [
      "aq4_e4m3_g16_ts_flloyd16",
      "aq4_e4m3_g8_ts_flloyd16"
    ],
    "max_tensors": 1,
    "max_tensors_per_family": 1,
    "max_elements_per_tensor": 262144,
    "iterations": 1,
    "scale_window": 4,
    "global_scale_dtype": "fp16",
    "torch_threads": 32,
    "torch_interop_threads": 1,
    "seed": 17
  },
  "results": [
    {
      "tensor_name": "model.language_model.layers.14.mlp.up_proj.weight",
      "family": "mlp_up",
      "tensor_shape": [
        12288,
        4096
      ],
      "tensor_dtype": "bfloat16",
      "candidate_results": [
        {
          "candidate_id": "aq4_e4m3_g8_ts_flloyd16",
          "status": "ok",
          "timing_sec": {
            "sampling_sec": 0.03979502498987131,
            "baseline_sec": 0.13561059700441547,
            "final_assignment_sec": 0.11562063297606073,
            "alternating_sec": 0.3667989329842385,
            "iterations": [
              {
                "iteration": 0,
                "elapsed_sec": 0.16750823400798254
              }
            ],
            "exhaustive_local_assignment_sec": null,
            "total_sec": 0.5568230919889174
          },
          "baseline": {
            "effective_bpp": 5.0,
            "mse": 4.748400499465788e-07,
            "relative_mse": 0.0036347389370975343,
            "weighted_mse": null,
            "weighted_relative_mse": null,
            "max_abs_error": 0.003824867308139801,
            "cosine_similarity": 0.9981810658273338,
            "saturation_rate": 0.0,
            "zero_preservation_rate": null,
            "mean_group_error": 3.7987203995726304e-06,
            "p95_group_error": 8.884146154741757e-06,
            "sampled_groups": 32768,
            "sampled_elements": 262144,
            "tensor_scale_value": 0.013249997049570084
          },
          "alternating": {
            "mse": 4.704069565920938e-07,
            "relative_mse": 0.003600805064409804,
            "max_abs_error": 0.0038977153599262238,
            "cosine_similarity": 0.9981980287414493,
            "mean_group_error": 3.76325565273675e-06,
            "p95_group_error": 8.816195298177109e-06,
            "sampled_blocks": 32768,
            "sampled_elements": 262144,
            "global_scale": 0.01325225830078125,
            "codebook": [
              -0.98779296875,
              -0.80908203125,
              -0.642578125,
              -0.494140625,
              -0.365478515625,
              -0.25,
              -0.14501953125,
              -0.04779052734375,
              0.045379638671875,
              0.14306640625,
              0.2490234375,
              0.3642578125,
              0.49169921875,
              0.6396484375,
              0.802734375,
              0.9873046875
            ],
            "iterations": 1,
            "local_scale_format": "e4m3",
            "codebook_mode": "free_lloyd16",
            "final_global_scale": 0.01325225830078125,
            "effective_bpp": 5.0
          },
          "operation_counts": {
            "scale_candidates": 119,
            "baseline_ops": 37748736,
            "alternating_per_iteration_ops": 38273024,
            "final_assignment_ops": 37748736,
            "alternating_ops": 76021760,
            "exhaustive_local_assignment_ops": 499122176,
            "alternating_to_baseline_ratio": 2.013888888888889,
            "exhaustive_to_baseline_ratio": 13.222222222222221,
            "exhaustive_to_alternating_ratio": 6.56551724137931
          },
          "seed": 17,
          "sampled_blocks": 32768,
          "sampled_elements": 262144
        },
        {
          "candidate_id": "aq4_e4m3_g16_ts_flloyd16",
          "status": "ok",
          "timing_sec": {
            "sampling_sec": 0.03552921599475667,
            "baseline_sec": 0.12586646902491339,
            "final_assignment_sec": 0.058414616010850295,
            "alternating_sec": 0.24117475800449029,
            "iterations": [
              {
                "iteration": 0,
                "elapsed_sec": 0.09873240999877453
              }
            ],
            "exhaustive_local_assignment_sec": null,
            "total_sec": 0.40924030099995434
          },
          "baseline": {
            "effective_bpp": 4.5,
            "mse": 6.832034387116437e-07,
            "relative_mse": 0.005228647217309667,
            "weighted_mse": null,
            "weighted_relative_mse": null,
            "max_abs_error": 0.004591565579175949,
            "cosine_similarity": 0.9973821811219348,
            "saturation_rate": 0.0,
            "zero_preservation_rate": null,
            "mean_group_error": 1.0931255019386299e-05,
            "p95_group_error": 2.1236526663415134e-05,
            "sampled_groups": 16384,
            "sampled_elements": 262144,
            "tensor_scale_value": 0.016032705704371136
          },
          "alternating": {
            "mse": 6.796382396962229e-07,
            "relative_mse": 0.005201362600521228,
            "max_abs_error": 0.004270613193511963,
            "cosine_similarity": 0.9973959347957135,
            "mean_group_error": 1.0874211835139566e-05,
            "p95_group_error": 2.1165114216523085e-05,
            "sampled_blocks": 16384,
            "sampled_elements": 262144,
            "global_scale": 0.016021728515625,
            "codebook": [
              -0.9638671875,
              -0.73828125,
              -0.5615234375,
              -0.42236328125,
              -0.306884765625,
              -0.2073974609375,
              -0.1202392578125,
              -0.038970947265625,
              0.0396728515625,
              0.1204833984375,
              0.2083740234375,
              0.307861328125,
              0.423095703125,
              0.5654296875,
              0.740234375,
              0.96533203125
            ],
            "iterations": 1,
            "local_scale_format": "e4m3",
            "codebook_mode": "free_lloyd16",
            "final_global_scale": 0.016021728515625,
            "effective_bpp": 4.5
          },
          "operation_counts": {
            "scale_candidates": 119,
            "baseline_ops": 37748736,
            "alternating_per_iteration_ops": 38273024,
            "final_assignment_ops": 37748736,
            "alternating_ops": 76021760,
            "exhaustive_local_assignment_ops": 499122176,
            "alternating_to_baseline_ratio": 2.013888888888889,
            "exhaustive_to_baseline_ratio": 13.222222222222221,
            "exhaustive_to_alternating_ratio": 6.56551724137931
          },
          "seed": 9990,
          "sampled_blocks": 16384,
          "sampled_elements": 262144
        }
      ]
    }
  ]
}