{
    "elapsed_time": 0.5130515510682017,
    "num_requests": 1,
    "total_num_tokens": 24,
    "requests_per_second": 1.9491218726811073,
    "tokens_per_second": 46.77892494434658
}