{
  "hidden_index": 3456,
  "rows": [
    {
      "coordinate_trace_available": false,
      "input_max_abs_diff": 0.0,
      "input_max_abs_diff_location": {
        "abs_diff": 0.0,
        "actual": 0.0011444091796875,
        "diff": 0.0,
        "expected": 0.0011444091796875,
        "flat_index": 65535,
        "hidden_index": 4095,
        "token_index": 15
      },
      "layer_index": 0,
      "layer_kind": "linear_attention",
      "output_max_abs_diff": 0.10823965072631836,
      "output_max_abs_diff_location": {
        "abs_diff": 0.10823965072631836,
        "actual": 6.420739650726318,
        "diff": 0.10823965072631836,
        "expected": 6.3125,
        "flat_index": 16282,
        "hidden_index": 3994,
        "token_index": 3
      },
      "run_mode": "actual_prefix"
    },
    {
      "coordinate_trace_available": false,
      "input_max_abs_diff": 0.10823965072631836,
      "input_max_abs_diff_location": {
        "abs_diff": 0.10823965072631836,
        "actual": 6.420739650726318,
        "diff": 0.10823965072631836,
        "expected": 6.3125,
        "flat_index": 16282,
        "hidden_index": 3994,
        "token_index": 3
      },
      "layer_index": 1,
      "layer_kind": "linear_attention",
      "output_max_abs_diff": 0.25560855865478516,
      "output_max_abs_diff_location": {
        "abs_diff": 0.25560855865478516,
        "actual": 8.369391441345215,
        "diff": -0.25560855865478516,
        "expected": 8.625,
        "flat_index": 57242,
        "hidden_index": 3994,
        "token_index": 13
      },
      "run_mode": "actual_prefix"
    },
    {
      "coordinate_trace_available": false,
      "input_max_abs_diff": 0.25560855865478516,
      "input_max_abs_diff_location": {
        "abs_diff": 0.25560855865478516,
        "actual": 8.369391441345215,
        "diff": -0.25560855865478516,
        "expected": 8.625,
        "flat_index": 57242,
        "hidden_index": 3994,
        "token_index": 13
      },
      "layer_index": 2,
      "layer_kind": "linear_attention",
      "output_max_abs_diff": 0.3537473678588867,
      "output_max_abs_diff_location": {
        "abs_diff": 0.3537473678588867,
        "actual": 5.365002632141113,
        "diff": -0.3537473678588867,
        "expected": 5.71875,
        "flat_index": 53146,
        "hidden_index": 3994,
        "token_index": 12
      },
      "run_mode": "actual_prefix"
    },
    {
      "coordinate_trace_available": false,
      "input_max_abs_diff": 0.3537473678588867,
      "input_max_abs_diff_location": {
        "abs_diff": 0.3537473678588867,
        "actual": 5.365002632141113,
        "diff": -0.3537473678588867,
        "expected": 5.71875,
        "flat_index": 53146,
        "hidden_index": 3994,
        "token_index": 12
      },
      "layer_index": 3,
      "layer_kind": "self_attention",
      "output_max_abs_diff": 0.4564018249511719,
      "output_max_abs_diff_location": {
        "abs_diff": 0.4564018249511719,
        "actual": 16.706401824951172,
        "diff": 0.4564018249511719,
        "expected": 16.25,
        "flat_index": 3994,
        "hidden_index": 3994,
        "token_index": 0
      },
      "run_mode": "actual_prefix"
    },
    {
      "coordinate_trace_available": false,
      "input_max_abs_diff": 0.4564018249511719,
      "input_max_abs_diff_location": {
        "abs_diff": 0.4564018249511719,
        "actual": 16.706401824951172,
        "diff": 0.4564018249511719,
        "expected": 16.25,
        "flat_index": 3994,
        "hidden_index": 3994,
        "token_index": 0
      },
      "layer_index": 4,
      "layer_kind": "linear_attention",
      "output_max_abs_diff": 0.6962461471557617,
      "output_max_abs_diff_location": {
        "abs_diff": 0.6962461471557617,
        "actual": 14.491253852844238,
        "diff": -0.6962461471557617,
        "expected": 15.1875,
        "flat_index": 61338,
        "hidden_index": 3994,
        "token_index": 14
      },
      "run_mode": "actual_prefix"
    },
    {
      "coordinate_trace_available": false,
      "input_max_abs_diff": 0.6962461471557617,
      "input_max_abs_diff_location": {
        "abs_diff": 0.6962461471557617,
        "actual": 14.491253852844238,
        "diff": -0.6962461471557617,
        "expected": 15.1875,
        "flat_index": 61338,
        "hidden_index": 3994,
        "token_index": 14
      },
      "layer_index": 5,
      "layer_kind": "linear_attention",
      "output_max_abs_diff": 0.6178388595581055,
      "output_max_abs_diff_location": {
        "abs_diff": 0.6178388595581055,
        "actual": 15.194661140441895,
        "diff": -0.6178388595581055,
        "expected": 15.8125,
        "flat_index": 61338,
        "hidden_index": 3994,
        "token_index": 14
      },
      "run_mode": "actual_prefix"
    },
    {
      "abs_output_diff": 0.5887107849121094,
      "actual_delta": 19.25521469116211,
      "actual_input": 2.6560747623443604,
      "actual_output": 21.91128921508789,
      "attention_block_output": 9.77867317199707,
      "attention_output": 7.122598648071289,
      "coordinate_trace_available": true,
      "delta_diff": -0.5572853088378906,
      "expected_delta": 19.8125,
      "expected_input": 2.6875,
      "expected_output": 22.5,
      "input_diff": -0.03142523765563965,
      "input_max_abs_diff": 0.6178388595581055,
      "input_max_abs_diff_location": {
        "abs_diff": 0.6178388595581055,
        "actual": 15.194661140441895,
        "diff": -0.6178388595581055,
        "expected": 15.8125,
        "flat_index": 61338,
        "hidden_index": 3994,
        "token_index": 14
      },
      "layer_index": 6,
      "layer_kind": "linear_attention",
      "mlp_output": 12.132616996765137,
      "output_diff": -0.5887107849121094,
      "output_max_abs_diff": 0.5887107849121094,
      "output_max_abs_diff_location": {
        "abs_diff": 0.5887107849121094,
        "actual": 21.91128921508789,
        "diff": -0.5887107849121094,
        "expected": 22.5,
        "flat_index": 3456,
        "hidden_index": 3456,
        "token_index": 0
      },
      "post_normed": 17.533554077148438,
      "run_mode": "actual_prefix"
    },
    {
      "coordinate_trace_available": false,
      "input_max_abs_diff": 0.5887107849121094,
      "input_max_abs_diff_location": {
        "abs_diff": 0.5887107849121094,
        "actual": 21.91128921508789,
        "diff": -0.5887107849121094,
        "expected": 22.5,
        "flat_index": 3456,
        "hidden_index": 3456,
        "token_index": 0
      },
      "layer_index": 7,
      "layer_kind": "self_attention",
      "output_max_abs_diff": 0.6657085418701172,
      "output_max_abs_diff_location": {
        "abs_diff": 0.6657085418701172,
        "actual": 16.084291458129883,
        "diff": -0.6657085418701172,
        "expected": 16.75,
        "flat_index": 3994,
        "hidden_index": 3994,
        "token_index": 0
      },
      "run_mode": "actual_prefix"
    },
    {
      "abs_output_diff": 0.7353591918945312,
      "actual_delta": 0.1379718780517578,
      "actual_input": 21.25166893005371,
      "actual_output": 21.38964080810547,
      "attention_block_output": 21.337785720825195,
      "attention_output": 0.08611764758825302,
      "coordinate_trace_available": true,
      "delta_diff": -0.11202812194824219,
      "expected_delta": 0.25,
      "expected_input": 21.875,
      "expected_output": 22.125,
      "input_diff": -0.6233310699462891,
      "input_max_abs_diff": 0.6657085418701172,
      "input_max_abs_diff_location": {
        "abs_diff": 0.6657085418701172,
        "actual": 16.084291458129883,
        "diff": -0.6657085418701172,
        "expected": 16.75,
        "flat_index": 3994,
        "hidden_index": 3994,
        "token_index": 0
      },
      "layer_index": 8,
      "layer_kind": "linear_attention",
      "mlp_output": 0.051854562014341354,
      "output_diff": -0.7353591918945312,
      "output_max_abs_diff": 0.7353591918945312,