{
  "hidden_index": 3994,
  "rows": [
    {
      "abs_output_diff": 0.09025955200195312,
      "actual_delta": 6.512744903564453,
      "actual_input": 0.0150146484375,
      "actual_output": 6.527759552001953,
      "attention_block_output": 5.710865020751953,
      "attention_output": 5.695850372314453,
      "coordinate_trace_available": true,
      "delta_diff": 0.09025955200195312,
      "expected_delta": 6.4224853515625,
      "expected_input": 0.0150146484375,
      "expected_output": 6.4375,
      "input_diff": 0.0,
      "input_max_abs_diff": 0.0,
      "input_max_abs_diff_location": {
        "abs_diff": 0.0,
        "actual": 0.00183868408203125,
        "diff": 0.0,
        "expected": 0.00183868408203125,
        "flat_index": 65535,
        "hidden_index": 4095,
        "token_index": 15
      },
      "layer_index": 0,
      "layer_kind": "linear_attention",
      "mlp_output": 0.8168944120407104,
      "output_diff": 0.09025955200195312,
      "output_max_abs_diff": 0.12786245346069336,
      "output_max_abs_diff_location": {
        "abs_diff": 0.12786245346069336,
        "actual": 6.190362453460693,
        "diff": 0.12786245346069336,
        "expected": 6.0625,
        "flat_index": 57242,
        "hidden_index": 3994,
        "token_index": 13
      },
      "post_normed": 0.24384257197380066,
      "run_mode": "actual_prefix"
    },
    {
      "abs_output_diff": 0.08824825286865234,
      "actual_delta": 1.6339921951293945,
      "actual_input": 6.527759552001953,
      "actual_output": 8.161751747131348,
      "attention_block_output": 7.935379505157471,
      "attention_output": 1.407619833946228,
      "coordinate_trace_available": true,
      "delta_diff": -0.17850780487060547,
      "expected_delta": 1.8125,
      "expected_input": 6.4375,
      "expected_output": 8.25,
      "input_diff": 0.09025955200195312,
      "input_max_abs_diff": 0.12786245346069336,
      "input_max_abs_diff_location": {
        "abs_diff": 0.12786245346069336,
        "actual": 6.190362453460693,
        "diff": 0.12786245346069336,
        "expected": 6.0625,
        "flat_index": 57242,
        "hidden_index": 3994,
        "token_index": 13
      },
      "layer_index": 1,
      "layer_kind": "linear_attention",
      "mlp_output": 0.22637200355529785,
      "output_diff": -0.08824825286865234,
      "output_max_abs_diff": 0.11226272583007812,
      "output_max_abs_diff_location": {
        "abs_diff": 0.11226272583007812,
        "actual": 8.262737274169922,
        "diff": -0.11226272583007812,
        "expected": 8.375,
        "flat_index": 24474,
        "hidden_index": 3994,
        "token_index": 5
      },
      "post_normed": 0.2369203269481659,
      "run_mode": "actual_prefix"
    },
    {
      "abs_output_diff": 0.06425189971923828,
      "actual_delta": -1.9724998474121094,
      "actual_input": 8.161751747131348,
      "actual_output": 6.189251899719238,
      "attention_block_output": 10.115134239196777,
      "attention_output": 1.9533828496932983,
      "coordinate_trace_available": true,
      "delta_diff": 0.15250015258789062,
      "expected_delta": -2.125,
      "expected_input": 8.25,
      "expected_output": 6.125,
      "input_diff": -0.08824825286865234,
      "input_max_abs_diff": 0.11226272583007812,
      "input_max_abs_diff_location": {
        "abs_diff": 0.11226272583007812,
        "actual": 8.262737274169922,
        "diff": -0.11226272583007812,
        "expected": 8.375,
        "flat_index": 24474,
        "hidden_index": 3994,
        "token_index": 5
      },
      "layer_index": 2,
      "layer_kind": "linear_attention",
      "mlp_output": -3.92588210105896,
      "output_diff": 0.06425189971923828,
      "output_max_abs_diff": 0.1636667251586914,
      "output_max_abs_diff_location": {
        "abs_diff": 0.1636667251586914,
        "actual": 5.413666725158691,
        "diff": 0.1636667251586914,
        "expected": 5.25,
        "flat_index": 36762,
        "hidden_index": 3994,
        "token_index": 8
      },
      "post_normed": 0.22691860795021057,
      "run_mode": "actual_prefix"
    },
    {
      "abs_output_diff": 0.28423404693603516,
      "actual_delta": 5.089014053344727,
      "actual_input": 6.189251899719238,
      "actual_output": 11.278265953063965,
      "attention_block_output": 11.25957202911377,
      "attention_output": 5.070320129394531,
      "coordinate_trace_available": true,
      "delta_diff": -0.34848594665527344,
      "expected_delta": 5.4375,
      "expected_input": 6.125,
      "expected_output": 11.5625,
      "input_diff": 0.06425189971923828,
      "input_max_abs_diff": 0.1636667251586914,
      "input_max_abs_diff_location": {
        "abs_diff": 0.1636667251586914,
        "actual": 5.413666725158691,
        "diff": 0.1636667251586914,
        "expected": 5.25,
        "flat_index": 36762,
        "hidden_index": 3994,
        "token_index": 8
      },
      "layer_index": 3,
      "layer_kind": "self_attention",
      "mlp_output": 0.01869439333677292,
      "output_diff": -0.28423404693603516,
      "output_max_abs_diff": 0.28423404693603516,
      "output_max_abs_diff_location": {
        "abs_diff": 0.28423404693603516,
        "actual": 11.278265953063965,
        "diff": -0.28423404693603516,
        "expected": 11.5625,
        "flat_index": 40858,
        "hidden_index": 3994,
        "token_index": 9
      },
      "post_normed": 0.2210390865802765,
      "run_mode": "actual_prefix"
    },
    {
      "abs_output_diff": 0.5233297348022461,
      "actual_delta": 0.9484043121337891,
      "actual_input": 11.278265953063965,
      "actual_output": 12.226670265197754,
      "attention_block_output": 12.973617553710938,
      "attention_output": 1.695351481437683,
      "coordinate_trace_available": true,
      "delta_diff": -0.23909568786621094,
      "expected_delta": 1.1875,
      "expected_input": 11.5625,
      "expected_output": 12.75,
      "input_diff": -0.28423404693603516,
      "input_max_abs_diff": 0.28423404693603516,
      "input_max_abs_diff_location": {
        "abs_diff": 0.28423404693603516,
        "actual": 11.278265953063965,
        "diff": -0.28423404693603516,
        "expected": 11.5625,
        "flat_index": 40858,
        "hidden_index": 3994,
        "token_index": 9
      },
      "layer_index": 4,
      "layer_kind": "linear_attention",
      "mlp_output": -0.7469472289085388,
      "output_diff": -0.5233297348022461,
      "output_max_abs_diff": 0.5233297348022461,
      "output_max_abs_diff_location": {
        "abs_diff": 0.5233297348022461,
        "actual": 12.226670265197754,
        "diff": -0.5233297348022461,
        "expected": 12.75,
        "flat_index": 40858,
        "hidden_index": 3994,
        "token_index": 9
      },
      "post_normed": 14.320037841796875,
      "run_mode": "actual_prefix"
    },
    {
      "abs_output_diff": 0.4298868179321289,
      "actual_delta": 2.655942916870117,
      "actual_input": 12.226670265197754,
      "actual_output": 14.882613182067871,
      "attention_block_output": 15.7772798538208,
      "attention_output": 3.550609827041626,
      "coordinate_trace_available": true,
      "delta_diff": 0.09344291687011719,
      "expected_delta": 2.5625,
      "expected_input": 12.75,
      "expected_output": 15.3125,
      "input_diff": -0.5233297348022461,
      "input_max_abs_diff": 0.5233297348022461,
      "input_max_abs_diff_location": {
        "abs_diff": 0.5233297348022461,
        "actual": 12.226670265197754,
        "diff": -0.5233297348022461,
        "expected": 12.75,
        "flat_index": 40858,
        "hidden_index": 3994,
        "token_index": 9
      },
      "layer_index": 5,
      "layer_kind": "linear_attention",
      "mlp_output": -0.8946663737297058,
      "output_diff": -0.4298868179321289,
      "output_max_abs_diff": 0.5015106201171875,
      "output_max_abs_diff_location": {
        "abs_diff": 0.5015106201171875,
        "actual": 13.935989379882812,