{
  "hidden_index": 3994,
  "rows": [
    {
      "abs_output_diff": 0.05291748046875,
      "actual_delta": 5.69281005859375,
      "actual_input": 0.016357421875,
      "actual_output": 5.70916748046875,
      "attention_block_output": 5.195066452026367,
      "attention_output": 5.178709030151367,
      "coordinate_trace_available": true,
      "delta_diff": 0.05291748046875,
      "expected_delta": 5.639892578125,
      "expected_input": 0.016357421875,
      "expected_output": 5.65625,
      "input_diff": 0.0,
      "input_max_abs_diff": 0.0,
      "input_max_abs_diff_location": {
        "abs_diff": 0.0,
        "actual": 0.0011444091796875,
        "diff": 0.0,
        "expected": 0.0011444091796875,
        "flat_index": 65535,
        "hidden_index": 4095,
        "token_index": 15
      },
      "layer_index": 0,
      "layer_kind": "linear_attention",
      "mlp_output": 0.514100968837738,
      "output_diff": 0.05291748046875,
      "output_max_abs_diff": 0.10823965072631836,
      "output_max_abs_diff_location": {
        "abs_diff": 0.10823965072631836,
        "actual": 6.420739650726318,
        "diff": 0.10823965072631836,
        "expected": 6.3125,
        "flat_index": 16282,
        "hidden_index": 3994,
        "token_index": 3
      },
      "post_normed": 0.24662981927394867,
      "run_mode": "actual_prefix"
    },
    {
      "abs_output_diff": 0.21564626693725586,
      "actual_delta": 2.137686252593994,
      "actual_input": 5.70916748046875,
      "actual_output": 7.846853733062744,
      "attention_block_output": 7.294360160827637,
      "attention_output": 1.5851925611495972,
      "coordinate_trace_available": true,
      "delta_diff": -0.26856374740600586,
      "expected_delta": 2.40625,
      "expected_input": 5.65625,
      "expected_output": 8.0625,
      "input_diff": 0.05291748046875,
      "input_max_abs_diff": 0.10823965072631836,
      "input_max_abs_diff_location": {
        "abs_diff": 0.10823965072631836,
        "actual": 6.420739650726318,
        "diff": 0.10823965072631836,
        "expected": 6.3125,
        "flat_index": 16282,
        "hidden_index": 3994,
        "token_index": 3
      },
      "layer_index": 1,
      "layer_kind": "linear_attention",
      "mlp_output": 0.5524933934211731,
      "output_diff": -0.21564626693725586,
      "output_max_abs_diff": 0.25560855865478516,
      "output_max_abs_diff_location": {
        "abs_diff": 0.25560855865478516,
        "actual": 8.369391441345215,
        "diff": -0.25560855865478516,
        "expected": 8.625,
        "flat_index": 57242,
        "hidden_index": 3994,
        "token_index": 13
      },
      "post_normed": 0.24229386448860168,
      "run_mode": "actual_prefix"
    },
    {
      "abs_output_diff": 0.26950931549072266,
      "actual_delta": -1.6163630485534668,
      "actual_input": 7.846853733062744,
      "actual_output": 6.230490684509277,
      "attention_block_output": 8.677733421325684,
      "attention_output": 0.8308800458908081,
      "coordinate_trace_available": true,
      "delta_diff": -0.0538630485534668,
      "expected_delta": -1.5625,
      "expected_input": 8.0625,
      "expected_output": 6.5,
      "input_diff": -0.21564626693725586,
      "input_max_abs_diff": 0.25560855865478516,
      "input_max_abs_diff_location": {
        "abs_diff": 0.25560855865478516,
        "actual": 8.369391441345215,
        "diff": -0.25560855865478516,
        "expected": 8.625,
        "flat_index": 57242,
        "hidden_index": 3994,
        "token_index": 13
      },
      "layer_index": 2,
      "layer_kind": "linear_attention",
      "mlp_output": -2.4472429752349854,
      "output_diff": -0.26950931549072266,
      "output_max_abs_diff": 0.3537473678588867,
      "output_max_abs_diff_location": {
        "abs_diff": 0.3537473678588867,
        "actual": 5.365002632141113,
        "diff": -0.3537473678588867,
        "expected": 5.71875,
        "flat_index": 53146,
        "hidden_index": 3994,
        "token_index": 12
      },
      "post_normed": 0.23409366607666016,
      "run_mode": "actual_prefix"
    },
    {
      "abs_output_diff": 0.2349863052368164,
      "actual_delta": 7.284523010253906,
      "actual_input": 6.230490684509277,
      "actual_output": 13.515013694763184,
      "attention_block_output": 12.92658519744873,
      "attention_output": 6.696094512939453,
      "coordinate_trace_available": true,
      "delta_diff": 0.03452301025390625,
      "expected_delta": 7.25,
      "expected_input": 6.5,
      "expected_output": 13.75,
      "input_diff": -0.26950931549072266,
      "input_max_abs_diff": 0.3537473678588867,
      "input_max_abs_diff_location": {
        "abs_diff": 0.3537473678588867,
        "actual": 5.365002632141113,
        "diff": -0.3537473678588867,
        "expected": 5.71875,
        "flat_index": 53146,
        "hidden_index": 3994,
        "token_index": 12
      },
      "layer_index": 3,
      "layer_kind": "self_attention",
      "mlp_output": 0.5884284973144531,
      "output_diff": -0.2349863052368164,
      "output_max_abs_diff": 0.4564018249511719,
      "output_max_abs_diff_location": {
        "abs_diff": 0.4564018249511719,
        "actual": 16.706401824951172,
        "diff": 0.4564018249511719,
        "expected": 16.25,
        "flat_index": 3994,
        "hidden_index": 3994,
        "token_index": 0
      },
      "post_normed": 0.22415456175804138,
      "run_mode": "actual_prefix"
    },
    {
      "abs_output_diff": 0.3281106948852539,
      "actual_delta": 1.7193756103515625,
      "actual_input": 13.515013694763184,
      "actual_output": 15.234389305114746,
      "attention_block_output": 16.54986000061035,
      "attention_output": 3.034846782684326,
      "coordinate_trace_available": true,
      "delta_diff": -0.0931243896484375,
      "expected_delta": 1.8125,
      "expected_input": 13.75,
      "expected_output": 15.5625,
      "input_diff": -0.2349863052368164,
      "input_max_abs_diff": 0.4564018249511719,
      "input_max_abs_diff_location": {
        "abs_diff": 0.4564018249511719,
        "actual": 16.706401824951172,
        "diff": 0.4564018249511719,
        "expected": 16.25,
        "flat_index": 3994,
        "hidden_index": 3994,
        "token_index": 0
      },
      "layer_index": 4,
      "layer_kind": "linear_attention",
      "mlp_output": -1.3154703378677368,
      "output_diff": -0.3281106948852539,
      "output_max_abs_diff": 0.6962461471557617,
      "output_max_abs_diff_location": {
        "abs_diff": 0.6962461471557617,
        "actual": 14.491253852844238,
        "diff": -0.6962461471557617,
        "expected": 15.1875,
        "flat_index": 61338,
        "hidden_index": 3994,
        "token_index": 14
      },
      "post_normed": 15.201108932495117,
      "run_mode": "actual_prefix"
    },
    {
      "abs_output_diff": 0.2985687255859375,
      "actual_delta": 0.1545419692993164,
      "actual_input": 15.234389305114746,
      "actual_output": 15.388931274414062,
      "attention_block_output": 16.322938919067383,
      "attention_output": 1.0885498523712158,
      "coordinate_trace_available": true,
      "delta_diff": 0.029541969299316406,
      "expected_delta": 0.125,
      "expected_input": 15.5625,
      "expected_output": 15.6875,
      "input_diff": -0.3281106948852539,
      "input_max_abs_diff": 0.6962461471557617,
      "input_max_abs_diff_location": {
        "abs_diff": 0.6962461471557617,
        "actual": 14.491253852844238,
        "diff": -0.6962461471557617,
        "expected": 15.1875,
        "flat_index": 61338,
        "hidden_index": 3994,
        "token_index": 14
      },
      "layer_index": 5,
      "layer_kind": "linear_attention",
      "mlp_output": -0.9340078830718994,
      "output_diff": -0.2985687255859375,
      "output_max_abs_diff": 0.6178388595581055,
      "output_max_abs_diff_location": {
        "abs_diff": 0.6178388595581055,
        "actual": 15.194661140441895,