{
  "hidden_index": 3994,
  "rows": [
    {
      "abs_output_diff": 0.06984472274780273,
      "actual_delta": 5.285665035247803,
      "actual_input": 0.0341796875,
      "actual_output": 5.319844722747803,
      "attention_block_output": 4.738102436065674,
      "attention_output": 4.703922748565674,
      "coordinate_trace_available": true,
      "delta_diff": 0.06984472274780273,
      "expected_delta": 5.2158203125,
      "expected_input": 0.0341796875,
      "expected_output": 5.25,
      "input_diff": 0.0,
      "input_max_abs_diff": 0.0,
      "input_max_abs_diff_location": {
        "abs_diff": 0.0,
        "actual": 0.0011444091796875,
        "diff": 0.0,
        "expected": 0.0011444091796875,
        "flat_index": 65535,
        "hidden_index": 4095,
        "token_index": 15
      },
      "layer_index": 0,
      "layer_kind": "linear_attention",
      "mlp_output": 0.5817422270774841,
      "output_diff": 0.06984472274780273,
      "output_max_abs_diff": 0.10823965072631836,
      "output_max_abs_diff_location": {
        "abs_diff": 0.10823965072631836,
        "actual": 6.420739650726318,
        "diff": 0.10823965072631836,
        "expected": 6.3125,
        "flat_index": 16282,
        "hidden_index": 3994,
        "token_index": 3
      },
      "post_normed": 0.24651288986206055,
      "run_mode": "actual_prefix"
    },
    {
      "abs_output_diff": 0.13208675384521484,
      "actual_delta": 1.9230685234069824,
      "actual_input": 5.319844722747803,
      "actual_output": 7.242913246154785,
      "attention_block_output": 6.694025993347168,
      "attention_output": 1.3741810321807861,
      "coordinate_trace_available": true,
      "delta_diff": -0.20193147659301758,
      "expected_delta": 2.125,
      "expected_input": 5.25,
      "expected_output": 7.375,
      "input_diff": 0.06984472274780273,
      "input_max_abs_diff": 0.10823965072631836,
      "input_max_abs_diff_location": {
        "abs_diff": 0.10823965072631836,
        "actual": 6.420739650726318,
        "diff": 0.10823965072631836,
        "expected": 6.3125,
        "flat_index": 16282,
        "hidden_index": 3994,
        "token_index": 3
      },
      "layer_index": 1,
      "layer_kind": "linear_attention",
      "mlp_output": 0.5488870739936829,
      "output_diff": -0.13208675384521484,
      "output_max_abs_diff": 0.25560855865478516,
      "output_max_abs_diff_location": {
        "abs_diff": 0.25560855865478516,
        "actual": 8.369391441345215,
        "diff": -0.25560855865478516,
        "expected": 8.625,
        "flat_index": 57242,
        "hidden_index": 3994,
        "token_index": 13
      },
      "post_normed": 0.2425164133310318,
      "run_mode": "actual_prefix"
    },
    {
      "abs_output_diff": 0.0999751091003418,
      "actual_delta": -0.936638355255127,
      "actual_input": 7.242913246154785,
      "actual_output": 6.306274890899658,
      "attention_block_output": 8.054132461547852,
      "attention_output": 0.8112195730209351,
      "coordinate_trace_available": true,
      "delta_diff": 0.03211164474487305,
      "expected_delta": -0.96875,
      "expected_input": 7.375,
      "expected_output": 6.40625,
      "input_diff": -0.13208675384521484,
      "input_max_abs_diff": 0.25560855865478516,
      "input_max_abs_diff_location": {
        "abs_diff": 0.25560855865478516,
        "actual": 8.369391441345215,
        "diff": -0.25560855865478516,
        "expected": 8.625,
        "flat_index": 57242,
        "hidden_index": 3994,
        "token_index": 13
      },
      "layer_index": 2,
      "layer_kind": "linear_attention",
      "mlp_output": -1.747857689857483,
      "output_diff": -0.0999751091003418,
      "output_max_abs_diff": 0.3537473678588867,
      "output_max_abs_diff_location": {
        "abs_diff": 0.3537473678588867,
        "actual": 5.365002632141113,
        "diff": -0.3537473678588867,
        "expected": 5.71875,
        "flat_index": 53146,
        "hidden_index": 3994,
        "token_index": 12
      },
      "post_normed": 0.23298321664333344,
      "run_mode": "actual_prefix"
    },
    {
      "abs_output_diff": 0.33884429931640625,
      "actual_delta": 6.0423808097839355,
      "actual_input": 6.306274890899658,
      "actual_output": 12.348655700683594,
      "attention_block_output": 12.260618209838867,
      "attention_output": 5.954343318939209,
      "coordinate_trace_available": true,
      "delta_diff": -0.23886919021606445,
      "expected_delta": 6.28125,
      "expected_input": 6.40625,
      "expected_output": 12.6875,
      "input_diff": -0.0999751091003418,
      "input_max_abs_diff": 0.3537473678588867,
      "input_max_abs_diff_location": {
        "abs_diff": 0.3537473678588867,
        "actual": 5.365002632141113,
        "diff": -0.3537473678588867,
        "expected": 5.71875,
        "flat_index": 53146,
        "hidden_index": 3994,
        "token_index": 12
      },
      "layer_index": 3,
      "layer_kind": "self_attention",
      "mlp_output": 0.08803758025169373,
      "output_diff": -0.33884429931640625,
      "output_max_abs_diff": 0.4564018249511719,
      "output_max_abs_diff_location": {
        "abs_diff": 0.4564018249511719,
        "actual": 16.706401824951172,
        "diff": 0.4564018249511719,
        "expected": 16.25,
        "flat_index": 3994,
        "hidden_index": 3994,
        "token_index": 0
      },
      "post_normed": 0.22483117878437042,
      "run_mode": "actual_prefix"
    },
    {
      "abs_output_diff": 0.18460369110107422,
      "actual_delta": 2.029240608215332,
      "actual_input": 12.348655700683594,
      "actual_output": 14.377896308898926,
      "attention_block_output": 14.891691207885742,
      "attention_output": 2.5430359840393066,
      "coordinate_trace_available": true,
      "delta_diff": 0.15424060821533203,
      "expected_delta": 1.875,
      "expected_input": 12.6875,
      "expected_output": 14.5625,
      "input_diff": -0.33884429931640625,
      "input_max_abs_diff": 0.4564018249511719,
      "input_max_abs_diff_location": {
        "abs_diff": 0.4564018249511719,
        "actual": 16.706401824951172,
        "diff": 0.4564018249511719,
        "expected": 16.25,
        "flat_index": 3994,
        "hidden_index": 3994,
        "token_index": 0
      },
      "layer_index": 4,
      "layer_kind": "linear_attention",
      "mlp_output": -0.5137951970100403,
      "output_diff": -0.18460369110107422,
      "output_max_abs_diff": 0.5427589416503906,
      "output_max_abs_diff_location": {
        "abs_diff": 0.5427589416503906,
        "actual": 14.64474105834961,
        "diff": -0.5427589416503906,
        "expected": 15.1875,
        "flat_index": 61338,
        "hidden_index": 3994,
        "token_index": 14
      },
      "post_normed": 14.89915657043457,
      "run_mode": "actual_prefix"
    },
    {
      "abs_output_diff": 0.04462623596191406,
      "actual_delta": 1.2917299270629883,
      "actual_input": 14.377896308898926,
      "actual_output": 15.669626235961914,
      "attention_block_output": 16.30582618713379,
      "attention_output": 1.9279307126998901,
      "coordinate_trace_available": true,
      "delta_diff": 0.22922992706298828,
      "expected_delta": 1.0625,
      "expected_input": 14.5625,
      "expected_output": 15.625,
      "input_diff": -0.18460369110107422,
      "input_max_abs_diff": 0.5427589416503906,
      "input_max_abs_diff_location": {
        "abs_diff": 0.5427589416503906,
        "actual": 14.64474105834961,
        "diff": -0.5427589416503906,
        "expected": 15.1875,
        "flat_index": 61338,
        "hidden_index": 3994,
        "token_index": 14
      },
      "layer_index": 5,
      "layer_kind": "linear_attention",
      "mlp_output": -0.6362000107765198,
      "output_diff": 0.04462623596191406,
      "output_max_abs_diff": 0.5169916152954102,
      "output_max_abs_diff_location": {
        "abs_diff": 0.5169916152954102,
        "actual": 15.29550838470459,