{
  "hidden_index": 3994,
  "rows": [
    {
      "abs_output_diff": 0.061783790588378906,
      "actual_delta": 5.998063087463379,
      "actual_input": 0.032470703125,
      "actual_output": 6.030533790588379,
      "attention_block_output": 5.576757431030273,
      "attention_output": 5.544286727905273,
      "coordinate_trace_available": true,
      "delta_diff": 0.061783790588378906,
      "expected_delta": 5.936279296875,
      "expected_input": 0.032470703125,
      "expected_output": 5.96875,
      "input_diff": 0.0,
      "input_max_abs_diff": 0.0,
      "input_max_abs_diff_location": {
        "abs_diff": 0.0,
        "actual": 0.00183868408203125,
        "diff": 0.0,
        "expected": 0.00183868408203125,
        "flat_index": 65535,
        "hidden_index": 4095,
        "token_index": 15
      },
      "layer_index": 0,
      "layer_kind": "linear_attention",
      "mlp_output": 0.45377635955810547,
      "output_diff": 0.061783790588378906,
      "output_max_abs_diff": 0.12786245346069336,
      "output_max_abs_diff_location": {
        "abs_diff": 0.12786245346069336,
        "actual": 6.190362453460693,
        "diff": 0.12786245346069336,
        "expected": 6.0625,
        "flat_index": 57242,
        "hidden_index": 3994,
        "token_index": 13
      },
      "post_normed": 0.24561898410320282,
      "run_mode": "actual_prefix"
    },
    {
      "abs_output_diff": 0.009646415710449219,
      "actual_delta": 1.8853626251220703,
      "actual_input": 6.030533790588379,
      "actual_output": 7.915896415710449,
      "attention_block_output": 7.390469551086426,
      "attention_output": 1.3599355220794678,
      "coordinate_trace_available": true,
      "delta_diff": -0.05213737487792969,
      "expected_delta": 1.9375,
      "expected_input": 5.96875,
      "expected_output": 7.90625,
      "input_diff": 0.061783790588378906,
      "input_max_abs_diff": 0.12786245346069336,
      "input_max_abs_diff_location": {
        "abs_diff": 0.12786245346069336,
        "actual": 6.190362453460693,
        "diff": 0.12786245346069336,
        "expected": 6.0625,
        "flat_index": 57242,
        "hidden_index": 3994,
        "token_index": 13
      },
      "layer_index": 1,
      "layer_kind": "linear_attention",
      "mlp_output": 0.5254269242286682,
      "output_diff": 0.009646415710449219,
      "output_max_abs_diff": 0.11226272583007812,
      "output_max_abs_diff_location": {
        "abs_diff": 0.11226272583007812,
        "actual": 8.262737274169922,
        "diff": -0.11226272583007812,
        "expected": 8.375,
        "flat_index": 24474,
        "hidden_index": 3994,
        "token_index": 5
      },
      "post_normed": 0.241036519408226,
      "run_mode": "actual_prefix"
    },
    {
      "abs_output_diff": 0.03712177276611328,
      "actual_delta": -1.628774642944336,
      "actual_input": 7.915896415710449,
      "actual_output": 6.287121772766113,
      "attention_block_output": 8.946634292602539,
      "attention_output": 1.0307377576828003,
      "coordinate_trace_available": true,
      "delta_diff": 0.027475357055664062,
      "expected_delta": -1.65625,
      "expected_input": 7.90625,
      "expected_output": 6.25,
      "input_diff": 0.009646415710449219,
      "input_max_abs_diff": 0.11226272583007812,
      "input_max_abs_diff_location": {
        "abs_diff": 0.11226272583007812,
        "actual": 8.262737274169922,
        "diff": -0.11226272583007812,
        "expected": 8.375,
        "flat_index": 24474,
        "hidden_index": 3994,
        "token_index": 5
      },
      "layer_index": 2,
      "layer_kind": "linear_attention",
      "mlp_output": -2.659512519836426,
      "output_diff": 0.03712177276611328,
      "output_max_abs_diff": 0.1636667251586914,
      "output_max_abs_diff_location": {
        "abs_diff": 0.1636667251586914,
        "actual": 5.413666725158691,
        "diff": 0.1636667251586914,
        "expected": 5.25,
        "flat_index": 36762,
        "hidden_index": 3994,
        "token_index": 8
      },
      "post_normed": 0.23067185282707214,
      "run_mode": "actual_prefix"
    },
    {
      "abs_output_diff": 0.041843414306640625,
      "actual_delta": 5.442221641540527,
      "actual_input": 6.287121772766113,
      "actual_output": 11.72934341430664,
      "attention_block_output": 12.00714111328125,
      "attention_output": 5.720019340515137,
      "coordinate_trace_available": true,
      "delta_diff": 0.004721641540527344,
      "expected_delta": 5.4375,
      "expected_input": 6.25,
      "expected_output": 11.6875,
      "input_diff": 0.03712177276611328,
      "input_max_abs_diff": 0.1636667251586914,
      "input_max_abs_diff_location": {
        "abs_diff": 0.1636667251586914,
        "actual": 5.413666725158691,
        "diff": 0.1636667251586914,
        "expected": 5.25,
        "flat_index": 36762,
        "hidden_index": 3994,
        "token_index": 8
      },
      "layer_index": 3,
      "layer_kind": "self_attention",
      "mlp_output": -0.27779728174209595,
      "output_diff": 0.041843414306640625,
      "output_max_abs_diff": 0.28423404693603516,
      "output_max_abs_diff_location": {
        "abs_diff": 0.28423404693603516,
        "actual": 11.278265953063965,
        "diff": -0.28423404693603516,
        "expected": 11.5625,
        "flat_index": 40858,
        "hidden_index": 3994,
        "token_index": 9
      },
      "post_normed": 0.2282240092754364,
      "run_mode": "actual_prefix"
    },
    {
      "abs_output_diff": 0.09925174713134766,
      "actual_delta": 2.0464048385620117,
      "actual_input": 11.72934341430664,
      "actual_output": 13.775748252868652,
      "attention_block_output": 14.765190124511719,
      "attention_output": 3.03584623336792,
      "coordinate_trace_available": true,
      "delta_diff": -0.14109516143798828,
      "expected_delta": 2.1875,
      "expected_input": 11.6875,
      "expected_output": 13.875,
      "input_diff": 0.041843414306640625,
      "input_max_abs_diff": 0.28423404693603516,
      "input_max_abs_diff_location": {
        "abs_diff": 0.28423404693603516,
        "actual": 11.278265953063965,
        "diff": -0.28423404693603516,
        "expected": 11.5625,
        "flat_index": 40858,
        "hidden_index": 3994,
        "token_index": 9
      },
      "layer_index": 4,
      "layer_kind": "linear_attention",
      "mlp_output": -0.9894418120384216,
      "output_diff": -0.09925174713134766,
      "output_max_abs_diff": 0.5233297348022461,
      "output_max_abs_diff_location": {
        "abs_diff": 0.5233297348022461,
        "actual": 12.226670265197754,
        "diff": -0.5233297348022461,
        "expected": 12.75,
        "flat_index": 40858,
        "hidden_index": 3994,
        "token_index": 9
      },
      "post_normed": 15.107462882995605,
      "run_mode": "actual_prefix"
    },
    {
      "abs_output_diff": 0.4367847442626953,
      "actual_delta": 2.4124670028686523,
      "actual_input": 13.775748252868652,
      "actual_output": 16.188215255737305,
      "attention_block_output": 16.60310935974121,
      "attention_output": 2.8273611068725586,
      "coordinate_trace_available": true,
      "delta_diff": -0.33753299713134766,
      "expected_delta": 2.75,
      "expected_input": 13.875,
      "expected_output": 16.625,
      "input_diff": -0.09925174713134766,
      "input_max_abs_diff": 0.5233297348022461,
      "input_max_abs_diff_location": {
        "abs_diff": 0.5233297348022461,
        "actual": 12.226670265197754,
        "diff": -0.5233297348022461,
        "expected": 12.75,
        "flat_index": 40858,
        "hidden_index": 3994,
        "token_index": 9
      },
      "layer_index": 5,
      "layer_kind": "linear_attention",
      "mlp_output": -0.4148949086666107,
      "output_diff": -0.4367847442626953,
      "output_max_abs_diff": 0.5015106201171875,
      "output_max_abs_diff_location": {
        "abs_diff": 0.5015106201171875,