{
  "aq4_baseline_case_id": "aq4-qkv-layers3-7-11-15-baseline-reused",
  "candidate": {
    "artifact": "/tmp/ullm-sq-fp8-qkv-layers3-7-11-15-q16-k16-v16-policy-v0.1-artifact",
    "id": "sq-fp8-w8a16-r9700-v0-qkv-layers3-7-11-15-q16-k16-v16"
  },
  "finding": "Layer3+7+11+15 QKV q16/k16/v16 fails strict top1 in case_a: AQ4 top1 4105 is SQ top8 rank 2 while SQ top1 is 5582.",
  "next_action": "Keep layer3+7+11 as QKV passing boundary and use layer15 split results as single-projection diagnostics; do not promote all layer15 QKV together yet.",
  "per_prompt": [
    {
      "aq4_margin_over_sq_top1_in_aq4": 0.0,
      "aq4_top1": 24218,
      "aq4_top1_logit_in_aq4": 7.201347828,
      "aq4_top1_logit_in_sq": 7.105901718,
      "aq4_top1_rank_in_sq_top8": 1,
      "aq4_top8_tokens": [
        24218,
        41813,
        88110,
        14482,
        81395,
        61946,
        56374,
        60607
      ],
      "kind": "per_prompt",
      "label": "len4",
      "prompt_token_ids": [
        1,
        2,
        3,
        4
      ],
      "sq_margin_over_aq4_top1_in_sq": 0.0,
      "sq_top1": 24218,
      "sq_top1_logit_in_aq4": 7.201347828,
      "sq_top1_logit_in_sq": 7.105901718,
      "sq_top1_margin_over_second_in_sq": 0.2796354289999998,
      "sq_top1_rank_in_aq4_top8": 1,
      "sq_top8_tokens": [
        24218,
        41813,
        88110,
        14482,
        81395,
        56374,
        61946,
        6
      ],
      "strict_top1_match": true,
      "top8_overlap_count": 7
    },
    {
      "aq4_margin_over_sq_top1_in_aq4": 0.017878532000000114,
      "aq4_top1": 4105,
      "aq4_top1_logit_in_aq4": 4.995436668,
      "aq4_top1_logit_in_sq": 5.100442886,
      "aq4_top1_rank_in_sq_top8": 2,
      "aq4_top8_tokens": [
        4105,
        5582,
        42228,
        513,
        200,
        1119,
        998,
        314
      ],
      "kind": "per_prompt",
      "label": "case_a",
      "prompt_token_ids": [
        100,
        200,
        300,
        400,
        500,
        600,
        700,
        800
      ],
      "sq_margin_over_aq4_top1_in_sq": 0.0013446809999999587,
      "sq_top1": 5582,
      "sq_top1_logit_in_aq4": 4.977558136,
      "sq_top1_logit_in_sq": 5.101787567,
      "sq_top1_margin_over_second_in_sq": 0.0013446809999999587,
      "sq_top1_rank_in_aq4_top8": 2,
      "sq_top8_tokens": [
        5582,
        4105,
        42228,
        513,
        200,
        1119,
        314,
        998
      ],
      "strict_top1_match": false,
      "top8_overlap_count": 8
    },
    {
      "aq4_margin_over_sq_top1_in_aq4": 0.0,
      "aq4_top1": 329,
      "aq4_top1_logit_in_aq4": 4.806379318,
      "aq4_top1_logit_in_sq": 4.843563557,
      "aq4_top1_rank_in_sq_top8": 1,
      "aq4_top8_tokens": [
        329,
        933,
        8903,
        261,
        294,
        1547,
        334,
        627
      ],
      "kind": "per_prompt",
      "label": "case_b",
      "prompt_token_ids": [
        42,
        314,
        2718,
        1618,
        12345,
        23456,
        34567,
        45678
      ],
      "sq_margin_over_aq4_top1_in_sq": 0.0,
      "sq_top1": 329,
      "sq_top1_logit_in_aq4": 4.806379318,
      "sq_top1_logit_in_sq": 4.843563557,
      "sq_top1_margin_over_second_in_sq": 0.19073772499999997,
      "sq_top1_rank_in_aq4_top8": 1,
      "sq_top8_tokens": [
        329,
        933,
        8903,
        261,
        294,
        334,
        627,
        1547
      ],
      "strict_top1_match": true,
      "top8_overlap_count": 8
    }
  ],
  "promoted_full_sq_policy": false,
  "run_id": "phase-t2-sq-fp8-qkv-layers3-7-11-15-q16-k16-v16-prompt-bundle-v1",
  "sq_case_id": "sq-qkv-layers3-7-11-15-q16-k16-v16",
  "summary": {
    "aq4_baseline_reused_from": "benchmarks/results/2026-07-09/package-batch-throughput/phase-t2-sq-fp8-qkv-layers3-7-q16-k16-v16-prompt-bundle-v1",
    "aq4_decode_tps": 80.883171,
    "aq4_end_to_end_tps": 35.370726,
    "aq4_prefill_tps": 66.811351,
    "aq4_vram_consumed_bytes": 4443144192,
    "candidate": {
      "artifact": "/tmp/ullm-sq-fp8-qkv-layers3-7-11-15-q16-k16-v16-policy-v0.1-artifact",
      "id": "sq-fp8-w8a16-r9700-v0-qkv-layers3-7-11-15-q16-k16-v16"
    },
    "kind": "summary",
    "run_id": "phase-t2-sq-fp8-qkv-layers3-7-11-15-q16-k16-v16-prompt-bundle-v1",
    "sq_decode_tps": 74.876312,
    "sq_end_to_end_tps": 34.095032,
    "sq_fp8_pair_matvec_count": 0,
    "sq_fp8_single_matvec_count": 0,
    "sq_fp8_tensor_count": 12,
    "sq_fp8_triple_matvec_count": 92,
    "sq_passthrough_tensor_count": 763,
    "sq_prefill_tps": 62.929075,
    "sq_projection_boundary": "triple",
    "sq_vram_consumed_bytes": 4556521472,
    "strict_top1_all_match": false,
    "strict_top1_pass_count": 2,
    "strict_top1_total": 3
  }
}
