{
  "candidate": "aq4_e4m3_g16_ts_flloyd16",
  "elements": 50331648,
  "family": "mlp_up",
  "group_chunk": 65536,
  "groups": 3145728,
  "index_counts": [
    2052306,
    2453497,
    3005242,
    3500871,
    3805489,
    3816496,
    3471729,
    3024429,
    3201247,
    3670564,
    3681567,
    3614108,
    3484878,
    3055557,
    2466877,
    2026791
  ],
  "max_abs_error": 0.005970600992441177,
  "model_dir": "/home/homelab1/datapool/ai_models/safetensors/Qwen/Qwen3.5-9B",
  "mse": 5.875700139768014e-07,
  "relative_mse": 0.005283509884739242,
  "scale_index_max": 82,
  "scale_index_min": 43,
  "scale_window": 4,
  "scale_window_improved_groups": 1612073,
  "schema_version": "aq-one-tensor-python-verify-v0.1",
  "tensor": "model.language_model.layers.0.mlp.up_proj.weight",
  "tensor_dtype": "torch.bfloat16",
  "tensor_path": "/home/homelab1/datapool/ai_models/safetensors/Qwen/Qwen3.5-9B/model.safetensors-00002-of-00004.safetensors",
  "tensor_scale": 0.01478905106584231,
  "tensor_shape": [
    12288,
    4096
  ],
  "torch_interop_threads": 1,
  "torch_threads": 64
}
