{
  "candidate": "aq4_e4m3_g8_ts_flloyd16",
  "elements": 4194304,
  "family": "attn_k",
  "group_chunk": 32768,
  "groups": 524288,
  "index_counts": [
    232829,
    224263,
    224635,
    264571,
    306760,
    308237,
    267118,
    246598,
    263170,
    307083,
    328124,
    299014,
    268653,
    221170,
    212081,
    219998
  ],
  "max_abs_error": 0.012858077883720398,
  "model_dir": "/home/homelab1/datapool/ai_models/safetensors/Qwen/Qwen3.5-9B",
  "mse": 9.772820099840374e-07,
  "relative_mse": 0.003677692844536798,
  "scale_index_max": 86,
  "scale_index_min": 27,
  "scale_window": 4,
  "scale_window_improved_groups": 259635,
  "schema_version": "aq-one-tensor-python-verify-v0.1",
  "tensor": "model.language_model.layers.3.self_attn.k_proj.weight",
  "tensor_dtype": "torch.bfloat16",
  "tensor_path": "/home/homelab1/datapool/ai_models/safetensors/Qwen/Qwen3.5-9B/model.safetensors-00004-of-00004.safetensors",
  "tensor_scale": 0.018260609358549118,
  "tensor_shape": [
    1024,
    4096
  ],
  "torch_interop_threads": 1,
  "torch_threads": 64
}
