layer_index,layer_kind,relative_l2,cosine,max_abs,records
0,linear_attention,0.0424513837442,0.999106949461,0.0696268081665,9
1,linear_attention,0.075075875044,0.997374923587,0.17432975769,9
2,linear_attention,0.0925941427125,0.99586857546,0.253928184509,9
3,self_attention,0.106253645855,0.994378164899,0.202241420746,9
