{
  "schema_version": "ullm.sq8.serving_smoke.v2",
  "passed": true,
  "requests": [
    {
      "request_id": "serving-smoke-p0001",
      "prompt_token_ids": [
        1
      ],
      "max_new_tokens": 64,
      "generated_token_ids": [
        25,
        330,
        16,
        13,
        15,
        13,
        15,
        756,
        262,
        330,
        2934,
        788,
        330,
        16,
        21,
        13,
        16,
        18,
        13,
        16,
        756,
        262,
        330,
        2934,
        14428,
        788,
        330,
        16,
        21,
        13,
        16,
        18,
        13,
        16,
        756,
        262,
        330,
        2934,
        94148,
        788,
        330,
        19,
        13,
        15,
        13,
        18,
        756,
        262,
        330,
        49552,
        788,
        330,
        19,
        13,
        16,
        13,
        18,
        756,
        262,
        330,
        11380,
        788,
        330,
        19
      ],
      "prompt_progress_events": 0,
      "execution_units": 64,
      "reserved_context_tokens": 65,
      "terminal_sequence_tokens": 65,
      "terminal_status": "finishing",
      "terminal_expected_cache_len": 64,
      "terminal_cache_lengths": [
        64,
        64,
        64,
        64,
        64,
        64,
        64,
        64,
        64,
        64,
        64,
        64,
        64,
        64,
        64,
        64,
        64,
        64,
        64,
        64,
        64,
        64,
        64,
        64,
        64,
        64,
        64,
        64,
        64,
        64,
        64,
        64,
        64,
        64,
        64,
        64,
        64,
        64,
        64,
        64
      ],
      "terminal_cache_lengths_all_expected": true,
      "terminal_last_cache_position": 63,
      "terminal_last_logical_block": 3,
      "terminal_scheduler_active": 1,
      "terminal_scheduler_waiting": 0,
      "terminal_allocated_blocks": 256,
      "terminal_reason": "length",
      "release_outcome": "length",
      "request_seconds": 2.433506152,
      "reset_seconds": 0.003188924,
      "oracle_capture": null
    },
    {
      "request_id": "serving-smoke-p0008",
      "prompt_token_ids": [
        1,
        2,
        3,
        4,
        5,
        6,
        7,
        8
      ],
      "max_new_tokens": 64,
      "generated_token_ids": [
        353,
        10,
        4999,
        1725,
        15,
        16,
        17,
        18,
        19,
        20,
        21,
        22,
        23,
        24,
        25,
        35058,
        2179,
        30,
        31,
        75902,
        26056,
        90304,
        62,
        63,
        67512,
        46115,
        92,
        93,
        698,
        785,
        914,
        3403,
        374,
        279,
        39316,
        1965,
        11,
        1290,
        30,
        2521,
        374,
        432,
        2494,
        770,
        1939,
        785,
        914,
        498,
        3897,
        374,
        537,
        279,
        4453,
        39316,
        1965,
        11,
        714,
        4751,
        264,
        8500,
        315,
        5766,
        429,
        5646
      ],
      "prompt_progress_events": 7,
      "execution_units": 71,
      "reserved_context_tokens": 72,
      "terminal_sequence_tokens": 72,
      "terminal_status": "finishing",
      "terminal_expected_cache_len": 71,
      "terminal_cache_lengths": [
        71,
        71,
        71,
        71,
        71,
        71,
        71,
        71,
        71,
        71,
        71,
        71,
        71,
        71,
        71,
        71,
        71,
        71,
        71,
        71,
        71,
        71,
        71,
        71,
        71,
        71,
        71,
        71,
        71,
        71,
        71,
        71,
        71,
        71,
        71,
        71,
        71,
        71,
        71,
        71
      ],
      "terminal_cache_lengths_all_expected": true,
      "terminal_last_cache_position": 70,
      "terminal_last_logical_block": 4,
      "terminal_scheduler_active": 1,
      "terminal_scheduler_waiting": 0,
      "terminal_allocated_blocks": 256,
      "terminal_reason": "length",
      "release_outcome": "length",
      "request_seconds": 2.47249177,
      "reset_seconds": 0.003175644,
      "oracle_capture": null
    },
    {
      "request_id": "serving-smoke-p0032",
      "prompt_token_ids": [
        1,
        2,
        3,
        4,
        5,
        6,
        7,
        8,
        9,
        10,
        11,
        12,
        13,
        14,
        15,
        16,
        17,
        18,
        19,
        20,
        21,
        22,
        23,
        24,
        25,
        26,
        27,
        28,
        29,
        30,
        31,
        32
      ],
      "max_new_tokens": 64,
      "generated_token_ids": [
        75902,
        26056,
        90304,
        62,
        63,
        67512,
        46115,
        92,
        93,
        698,
        785,
        914,
        3403,
        374,
        279,
        39316,
        1965,
        11,
        714,
        432,
        594,
        7402,
        1045,
        5766,
        13,
        15920,
        6174,
        1939,
        785,
        914,
        498,
        3897,
        374,
        1447,
        13874,
        3989,
        57676,
        3,
        4,
        5,
        6,
        25010,
        10,
        4999,
        13,
        15,
        16,
        17,
        18,
        19,
        20,
        21,
        22,
        23,
        24,
        25,
        26,
        8203,
        30,
        31,
        32,
        75902,
        26056,
        90304
      ],
      "prompt_progress_events": 31,
      "execution_units": 95,
      "reserved_context_tokens": 96,
      "terminal_sequence_tokens": 96,
      "terminal_status": "finishing",
      "terminal_expected_cache_len": 95,
      "terminal_cache_lengths": [
        95,
        95,
        95,
        95,
        95,
        95,
        95,
        95,
        95,
        95,
        95,
        95,
        95,
        95,
        95,
        95,
        95,
        95,
        95,
        95,
        95,
        95,
        95,
        95,
        95,
        95,
        95,
        95,
        95,
        95,
        95,
        95,
        95,
        95,
        95,
        95,
        95,
        95,
        95,
        95
      ],
      "terminal_cache_lengths_all_expected": true,
      "terminal_last_cache_position": 94,
      "terminal_last_logical_block": 5,
      "terminal_scheduler_active": 1,
      "terminal_scheduler_waiting": 0,
      "terminal_allocated_blocks": 256,
      "terminal_reason": "length",
      "release_outcome": "length",
      "request_seconds": 3.208563754,
      "reset_seconds": 0.003172034,
      "oracle_capture": null
    },
    {
      "request_id": "serving-smoke-p0128",