{
  "schema_version": "sq8-reference-batch-benchmark-v0.2",
  "profile": "reference_w8a16",
  "artifact_dir": "/tmp/ullm-qwen3-14b-fp8-sq8-canonical-layer0-q-v0.2",
  "artifact_content_sha256": "29857be65d162ca1150f91e5c159186a0086d0f2eb463b2b113d92db4acd5c6a",
  "tensor": "model.layers.0.self_attn.q_proj.weight",
  "m": 4,
  "n": 5120,
  "k": 5120,
  "input_f32_le_sha256": "e3168a2f373e8758ad37dc5e6e269749693160fc30fa9d07a54149a68ac4d53a",
  "output_f32_le_sha256": "39aa51ae29da2bd79084e4b74bf99b58ef974104fce9086c1337557180cb6e3d",
  "output_nonfinite": 0,
  "correctness": {
    "coverage": "all_rows",
    "sampled_rows": [
      {
        "row": 0,
        "metrics": {
          "element_count": 5120,
          "nonfinite_count": 0,
          "mse": 1.5194372341518414e-15,
          "max_abs": 2.384185791015625e-7,
          "relative_l2": 8.499422347560135e-8,
          "cosine_similarity": 0.9999999999999909
        }
      },
      {
        "row": 1,
        "metrics": {
          "element_count": 5120,
          "nonfinite_count": 0,
          "mse": 1.5232268651826853e-15,
          "max_abs": 1.7881393432617188e-7,
          "relative_l2": 8.594077549801164e-8,
          "cosine_similarity": 0.9999999999999947
        }
      },
      {
        "row": 2,
        "metrics": {
          "element_count": 5120,
          "nonfinite_count": 0,
          "mse": 1.4742663026095673e-15,
          "max_abs": 2.384185791015625e-7,
          "relative_l2": 8.16059025736085e-8,
          "cosine_similarity": 0.9999999999999946
        }
      },
      {
        "row": 3,
        "metrics": {
          "element_count": 5120,
          "nonfinite_count": 0,
          "mse": 1.4541674081875376e-15,
          "max_abs": 2.384185791015625e-7,
          "relative_l2": 8.414124349563975e-8,
          "cosine_similarity": 0.9999999999999913
        }
      }
    ],
    "thresholds": {
      "max_abs": 0.00002,
      "relative_l2": 0.00001,
      "cosine_similarity": 0.999999
    },
    "passed": true
  },
  "execution_path": "hip_kernel",
  "fallback_state": "not_used",
  "device": {
    "requested_index": 1,
    "runtime_device_id": 0,
    "backend": "hip",
    "name": "AMD Radeon Graphics",
    "compute_major": 12,
    "compute_minor": 0,
    "gcn_arch_name": "",
    "hip_visible_devices": "1",
    "isolated_visibility": true
  },
  "timing": {
    "source": "host_monotonic_launch_plus_sync",
    "cache_state": "warm_repeated_same_buffers",
    "warmups": 10,
    "repeats": 50,
    "p50_ms": 0.598335,
    "p95_ms": 0.66305755,
    "aggregate_tflops_p50": 0.3504979651867265
  },
  "passed": true
}
