{
  "schema_version": "sq8-reference-batch-benchmark-v0.2",
  "profile": "reference_w8a16",
  "artifact_dir": "/tmp/ullm-qwen3-14b-fp8-sq8-canonical-layer0-down-v0.2",
  "artifact_content_sha256": "1a74b4662f2577579bf850c463f84de6eafd489457ff3589083208960f579905",
  "tensor": "model.layers.0.mlp.down_proj.weight",
  "m": 4,
  "n": 5120,
  "k": 17408,
  "input_f32_le_sha256": "587cc84978e0376b8c94e0f9ff85c2de90aceee44e56b95163874b3727136c07",
  "output_f32_le_sha256": "dfb5ce41605eccfc2b8073e4d40a70591213b861457302e8a9eeb6f0cc548fd5",
  "output_nonfinite": 0,
  "correctness": {
    "coverage": "all_rows",
    "sampled_rows": [
      {
        "row": 0,
        "metrics": {
          "element_count": 5120,
          "nonfinite_count": 0,
          "mse": 6.688461190428986e-15,
          "max_abs": 4.76837158203125e-7,
          "relative_l2": 9.418861991734727e-8,
          "cosine_similarity": 0.9999999999999963
        }
      },
      {
        "row": 1,
        "metrics": {
          "element_count": 5120,
          "nonfinite_count": 0,
          "mse": 7.056676675730143e-15,
          "max_abs": 4.3213367462158203e-7,
          "relative_l2": 9.7316758419184e-8,
          "cosine_similarity": 0.9999999999999908
        }
      },
      {
        "row": 2,
        "metrics": {
          "element_count": 5120,
          "nonfinite_count": 0,
          "mse": 6.679389534896394e-15,
          "max_abs": 4.76837158203125e-7,
          "relative_l2": 9.561683340384049e-8,
          "cosine_similarity": 0.9999999999999883
        }
      },
      {
        "row": 3,
        "metrics": {
          "element_count": 5120,
          "nonfinite_count": 0,
          "mse": 6.7796504531706335e-15,
          "max_abs": 4.76837158203125e-7,
          "relative_l2": 9.385288792283598e-8,
          "cosine_similarity": 0.9999999999999906
        }
      }
    ],
    "thresholds": {
      "max_abs": 0.00002,
      "relative_l2": 0.00001,
      "cosine_similarity": 0.999999
    },
    "passed": true
  },
  "execution_path": "hip_kernel",
  "fallback_state": "not_used",
  "device": {
    "requested_index": 1,
    "runtime_device_id": 0,
    "backend": "hip",
    "name": "AMD Radeon Graphics",
    "compute_major": 12,
    "compute_minor": 0,
    "gcn_arch_name": "",
    "hip_visible_devices": "1",
    "isolated_visibility": true
  },
  "timing": {
    "source": "host_monotonic_launch_plus_sync",
    "cache_state": "warm_repeated_same_buffers",
    "warmups": 10,
    "repeats": 50,
    "p50_ms": 2.143564,
    "p95_ms": 2.1743865,
    "aggregate_tflops_p50": 0.3326383910160835
  },
  "passed": true
}
