{
  "schema_version": "sq8-reference-batch-benchmark-v0.2",
  "profile": "reference_w8a16",
  "artifact_dir": "/tmp/ullm-qwen3-14b-fp8-sq8-canonical-layer0-v-v0.2",
  "artifact_content_sha256": "583070f8aca9c86b3f4c23ae74b7eb9c0affd1e0ca21f72ff6904fe802f042c6",
  "tensor": "model.layers.0.self_attn.v_proj.weight",
  "m": 4,
  "n": 1024,
  "k": 5120,
  "input_f32_le_sha256": "e3168a2f373e8758ad37dc5e6e269749693160fc30fa9d07a54149a68ac4d53a",
  "output_f32_le_sha256": "1be400fd9c3538f1566acc06219b11453f73d542bc8a83391392352b19adc00f",
  "output_nonfinite": 0,
  "correctness": {
    "coverage": "all_rows",
    "sampled_rows": [
      {
        "row": 0,
        "metrics": {
          "element_count": 1024,
          "nonfinite_count": 0,
          "mse": 1.609281761076267e-15,
          "max_abs": 2.384185791015625e-7,
          "relative_l2": 8.407560397824908e-8,
          "cosine_similarity": 0.9999999999999958
        }
      },
      {
        "row": 1,
        "metrics": {
          "element_count": 1024,
          "nonfinite_count": 0,
          "mse": 1.7534466628198306e-15,
          "max_abs": 1.1920928955078125e-7,
          "relative_l2": 8.395179179068988e-8,
          "cosine_similarity": 0.9999999999999979
        }
      },
      {
        "row": 2,
        "metrics": {
          "element_count": 1024,
          "nonfinite_count": 0,
          "mse": 1.5065237473218748e-15,
          "max_abs": 1.2665987014770508e-7,
          "relative_l2": 8.188590638810683e-8,
          "cosine_similarity": 0.999999999999997
        }
      },
      {
        "row": 3,
        "metrics": {
          "element_count": 1024,
          "nonfinite_count": 0,
          "mse": 1.5204531917317626e-15,
          "max_abs": 1.7881393432617188e-7,
          "relative_l2": 7.932882414032699e-8,
          "cosine_similarity": 0.9999999999999968
        }
      }
    ],
    "thresholds": {
      "max_abs": 0.00002,
      "relative_l2": 0.00001,
      "cosine_similarity": 0.999999
    },
    "passed": true
  },
  "execution_path": "hip_kernel",
  "fallback_state": "not_used",
  "device": {
    "requested_index": 1,
    "runtime_device_id": 0,
    "backend": "hip",
    "name": "AMD Radeon Graphics",
    "compute_major": 12,
    "compute_minor": 0,
    "gcn_arch_name": "",
    "hip_visible_devices": "1",
    "isolated_visibility": true
  },
  "timing": {
    "source": "host_monotonic_launch_plus_sync",
    "cache_state": "warm_repeated_same_buffers",
    "warmups": 10,
    "repeats": 50,
    "p50_ms": 0.349767,
    "p95_ms": 0.365279,
    "aggregate_tflops_p50": 0.11991708766121446
  },
  "passed": true
}
