{
  "schema_version": "sq8-reference-batch-benchmark-v0.2",
  "profile": "reference_w8a16",
  "artifact_dir": "/tmp/ullm-qwen3-14b-fp8-sq8-canonical-layer0-o-v0.2",
  "artifact_content_sha256": "3b7acc4d829a6e34d2dcd7d143496e1dcf17e962efc7d5032ee01a8afc87b9c8",
  "tensor": "model.layers.0.self_attn.o_proj.weight",
  "m": 4,
  "n": 5120,
  "k": 5120,
  "input_f32_le_sha256": "e3168a2f373e8758ad37dc5e6e269749693160fc30fa9d07a54149a68ac4d53a",
  "output_f32_le_sha256": "9172419326e0e5b18bf632ed5d794d37adeac3953ccc7c98c33e580f1be1777a",
  "output_nonfinite": 0,
  "correctness": {
    "coverage": "all_rows",
    "sampled_rows": [
      {
        "row": 0,
        "metrics": {
          "element_count": 5120,
          "nonfinite_count": 0,
          "mse": 1.3578744513234776e-15,
          "max_abs": 2.384185791015625e-7,
          "relative_l2": 8.35575014144795e-8,
          "cosine_similarity": 0.9999999999999902
        }
      },
      {
        "row": 1,
        "metrics": {
          "element_count": 5120,
          "nonfinite_count": 0,
          "mse": 1.3224197561680186e-15,
          "max_abs": 2.384185791015625e-7,
          "relative_l2": 8.35546187813496e-8,
          "cosine_similarity": 0.9999999999999967
        }
      },
      {
        "row": 2,
        "metrics": {
          "element_count": 5120,
          "nonfinite_count": 0,
          "mse": 1.312063128534744e-15,
          "max_abs": 2.384185791015625e-7,
          "relative_l2": 8.53998693887748e-8,
          "cosine_similarity": 0.9999999999999875
        }
      },
      {
        "row": 3,
        "metrics": {
          "element_count": 5120,
          "nonfinite_count": 0,
          "mse": 1.3501797754392573e-15,
          "max_abs": 1.862645149230957e-7,
          "relative_l2": 8.455434031205847e-8,
          "cosine_similarity": 0.9999999999999933
        }
      }
    ],
    "thresholds": {
      "max_abs": 0.00002,
      "relative_l2": 0.00001,
      "cosine_similarity": 0.999999
    },
    "passed": true
  },
  "execution_path": "hip_kernel",
  "fallback_state": "not_used",
  "device": {
    "requested_index": 1,
    "runtime_device_id": 0,
    "backend": "hip",
    "name": "AMD Radeon Graphics",
    "compute_major": 12,
    "compute_minor": 0,
    "gcn_arch_name": "",
    "hip_visible_devices": "1",
    "isolated_visibility": true
  },
  "timing": {
    "source": "host_monotonic_launch_plus_sync",
    "cache_state": "warm_repeated_same_buffers",
    "warmups": 10,
    "repeats": 50,
    "p50_ms": 0.616036,
    "p95_ms": 0.663241,
    "aggregate_tflops_p50": 0.3404268581706264
  },
  "passed": true
}
