{
  "backend": "hip",
  "correctness": {
    "nan_or_inf_detected": false,
    "verified": true
  },
  "decode": {
    "embedding_step_ms": [
      0.00445,
      0.009840000000000002,
      0.00796,
      0.0067399999999999995,
      0.007469999999999999,
      0.00873,
      0.007781000000000001
    ],
    "end_to_end_generated_tps": 2.60023237119598,
    "last_top_logits": [
      {
        "logit": 11.001012802124023,
        "token_id": 2600
      }
    ],
    "layer_step_ms": [
      [
        0.036881000000000004,
        0.03291,
        0.034451,
        0.032660999999999996,
        0.03219,
        0.031180999999999997,
        0.02845,
        0.025991,
        0.0276,
        0.026529999999999998,
        0.025951,
        0.024960000000000003,
        0.025871,
        0.027469999999999998,
        0.026271,
        0.02516,
        0.025821,
        0.022600000000000002,
        0.02098,
        0.020491000000000002,
        0.02116,
        0.02232,
        0.022071,
        0.02207,
        0.022430000000000002,
        0.022401,
        0.02121,
        0.020811,
        0.02109,
        0.019899999999999998,
        0.020101,
        0.02043
      ],
      [
        0.03462,
        0.037271000000000006,
        0.033951,
        0.03379,
        0.034111,
        0.039069999999999994,
        0.051271,
        0.043170999999999994,
        0.053821,
        0.037541,
        0.03499,
        0.037240999999999996,
        0.04196,
        0.051851,
        0.038271,
        0.035311,
        0.05258,
        0.035540999999999996,
        0.040491,
        0.04061,
        0.051371,
        0.036411,
        0.031951,
        0.02325,
        0.02291,
        0.022101,
        0.02231,
        0.02251,
        0.022451,
        0.02264,
        0.022761,
        0.02221
      ],
      [
        0.03561,
        0.055531000000000004,
        0.033821,
        0.042551,
        0.04566,
        0.040141,
        0.039841,
        0.03712,
        0.038971,
        0.043531,
        0.03638,
        0.042221,
        0.053331,
        0.031439999999999996,
        0.038911,
        0.038761,
        0.03978,
        0.048401,
        0.055991,
        0.033641,
        0.042411,
        0.02221,
        0.022099999999999998,
        0.022381,
        0.02313,
        0.02172,
        0.021271,
        0.022180000000000002,
        0.021271,
        0.02262,
        0.022289999999999997,
        0.021030999999999998
      ],
      [
        0.047471,
        0.038010999999999996,
        0.032581,
        0.03675,
        0.032561,
        0.071271,
        0.03394,
        0.036781,
        0.036571,
        0.03421,
        0.047671,
        0.033741,
        0.03704,
        0.033851,
        0.037491,
        0.0336,
        0.042200999999999995,
        0.048581,
        0.03752,
        0.050651,
        0.039321,
        0.03324,
        0.041591,
        0.034671,
        0.03545,
        0.040301,
        0.028739999999999998,
        0.021710999999999998,
        0.02266,
        0.021951000000000002,
        0.021650000000000003,
        0.02172
      ],
      [
        0.033930999999999996,
        0.037070000000000006,
        0.033761,
        0.03308,
        0.060971000000000004,
        0.035831,
        0.049881,
        0.034291,
        0.03574,
        0.040381,
        0.03358,
        0.059701000000000004,
        0.033881,
        0.034841000000000004,
        0.07524099999999999,
        0.03399,
        0.039221000000000006,
        0.041451,
        0.02507,
        0.022871,
        0.022609999999999998,
        0.02254,
        0.022331,
        0.02177,
        0.022771,
        0.02247,
        0.022260000000000002,
        0.021671,
        0.02195,
        0.02169,
        0.021771,
        0.02188
      ],
      [
        0.041781,
        0.033030000000000004,
        0.046931,
        0.046861,
        0.035691,
        0.04313,
        0.037861,
        0.033961000000000005,
        0.03558,
        0.034520999999999996,
        0.033819999999999996,
        0.039230999999999995,
        0.049881,
        0.038771,
        0.05611,
        0.038210999999999995,
        0.037371,
        0.03359,
        0.045701,
        0.038521,
        0.03672,
        0.052801,
        0.037511,
        0.041831,
        0.03006,
        0.027341,
        0.0222,
        0.02228,
        0.022291000000000002,
        0.023030000000000002,
        0.022611,
        0.02191
      ],
      [
        0.035590000000000004,
        0.032061,
        0.03616,
        0.040451,
        0.036981,
        0.035129999999999995,
        0.034121,
        0.03685,
        0.045751,
        0.048521,
        0.075091,
        0.048000999999999995,
        0.033171,
        0.04035,
        0.043551,
        0.035781,
        0.03616,
        0.035670999999999994,
        0.041791,
        0.03942,
        0.035531,
        0.043481,
        0.031560000000000005,
        0.023971000000000003,
        0.022840000000000003,
        0.02317,
        0.022701,
        0.02241,
        0.024181,
        0.02292,
        0.02273,
        0.022351
      ]
    ],
    "layers_step_ms": [
      0.814714,
      1.134339,
      1.120249,
      1.16992,
      1.064448,
      1.16564,
      1.132179
    ],