{
  "backend": "hip",
  "correctness": {
    "nan_or_inf_detected": false,
    "verified": true
  },
  "decode": {
    "embedding_step_ms": [
      0.00399,
      0.0072,
      0.00564,
      0.00764,
      0.006221,
      0.0023599999999999997,
      0.00227
    ],
    "end_to_end_generated_tps": 2.6004897662957105,
    "last_top_logits": [
      {
        "logit": 10.920938491821289,
        "token_id": 2600
      }
    ],
    "layer_step_ms": [
      [
        0.036560999999999996,
        0.035091,
        0.03372,
        0.033311,
        0.03267,
        0.031811,
        0.03177,
        0.029471,
        0.0326,
        0.030511,
        0.03088,
        0.062891,
        0.029691000000000002,
        0.031131,
        0.030670000000000003,
        0.028870999999999997,
        0.032159999999999994,
        0.032591,
        0.03257,
        0.028641,
        0.02995,
        0.026741,
        0.01879,
        0.01972,
        0.020001,
        0.01915,
        0.019049999999999997,
        0.020671,
        0.01983,
        0.01933,
        0.018400999999999997,
        0.01873
      ],
      [
        0.032841,
        0.03672,
        0.037051,
        0.036820000000000006,
        0.040121,
        0.037501,
        0.031120000000000002,
        0.036650999999999996,
        0.044461,
        0.03528,
        0.045251,
        0.038561,
        0.04123,
        0.028641,
        0.02232,
        0.021391,
        0.022160000000000003,
        0.0219,
        0.022591,
        0.02234,
        0.021441,
        0.02163,
        0.02172,
        0.021841,
        0.02198,
        0.02212,
        0.020690999999999998,
        0.02123,
        0.022171000000000003,
        0.02221,
        0.056561,
        0.02223
      ],
      [
        0.031321,
        0.03311,
        0.037091,
        0.035481,
        0.03676,
        0.039881,
        0.033961000000000005,
        0.03977,
        0.044531,
        0.07902100000000001,
        0.040261,
        0.035521000000000004,
        0.03731,
        0.039641,
        0.02517,
        0.022711,
        0.023459999999999998,
        0.021751,
        0.0216,
        0.02222,
        0.021931,
        0.02143,
        0.02153,
        0.021661000000000003,
        0.022010000000000002,
        0.02196,
        0.020971,
        0.02155,
        0.021661000000000003,
        0.02143,
        0.02191,
        0.022141
      ],
      [
        0.0334,
        0.032391,
        0.040731,
        0.046471000000000005,
        0.03845,
        0.035240999999999995,
        0.034069999999999996,
        0.039931,
        0.042681,
        0.0351,
        0.038141,
        0.039801,
        0.03564,
        0.038861,
        0.034931000000000004,
        0.022600000000000002,
        0.022180000000000002,
        0.021521,
        0.02155,
        0.02159,
        0.021901,
        0.021840000000000002,
        0.022991,
        0.022330000000000003,
        0.056441,
        0.02222,
        0.021661000000000003,
        0.02108,
        0.02164,
        0.022261,
        0.02196,
        0.0219
      ],
      [
        0.03199,
        0.036560999999999996,
        0.03298,
        0.038131,
        0.03397,
        0.040281000000000004,
        0.074611,
        0.033680999999999996,
        0.042441,
        0.027540000000000002,
        0.024011,
        0.02375,
        0.02211,
        0.022601,
        0.021019999999999997,
        0.021211,
        0.02204,
        0.02122,
        0.019491,
        0.01869,
        0.01859,
        0.017890999999999997,
        0.01842,
        0.018170000000000002,
        0.019811000000000002,
        0.021189999999999997,
        0.022500000000000003,
        0.021801,
        0.0195,
        0.019729999999999998,
        0.019591,
        0.019680000000000003
      ],
      [
        0.032881,
        0.049211,
        0.03291,
        0.037481,
        0.03842,
        0.032221,
        0.037231,
        0.03818,
        0.038021,
        0.037960999999999995,
        0.0415,
        0.047281,
        0.035290999999999996,
        0.03204,
        0.039561000000000006,
        0.039461,
        0.058681000000000004,
        0.022629999999999997,
        0.02188,
        0.023651000000000002,
        0.022459999999999997,
        0.022551,
        0.02237,
        0.02171,
        0.021851000000000002,
        0.022350000000000002,
        0.02122,
        0.021581,
        0.02214,
        0.022470999999999998,
        0.02163,
        0.02091
      ],
      [
        0.02234,
        0.02197,
        0.054981,
        0.021980999999999997,
        0.02124,
        0.02065,
        0.021721,
        0.02087,
        0.02232,
        0.023211,
        0.025,
        0.022161,
        0.02094,
        0.02116,
        0.021311,
        0.02059,
        0.035231000000000005,
        0.03549,
        0.032921,
        0.036560999999999996,
        0.03272,
        0.036921,
        0.03926,
        0.033250999999999996,
        0.040121,
        0.04509,
        0.035081,
        0.042951,
        0.03222,
        0.048311,
        0.033741,
        0.0402
      ]
    ],
    "layers_step_ms": [
      0.922656,
      0.9543159999999999,
      0.966047,
      0.977226,
      0.848784,
      1.004217,
      0.9872360000000001
    ],