{
    "elapsed_time": 0.4739284939132631,
    "num_requests": 4,
    "total_num_tokens": 96,
    "requests_per_second": 8.44009180999374,
    "tokens_per_second": 202.56220343984978
}