{
    "elapsed_time": 0.9298436940880492,
    "num_requests": 2,
    "total_num_tokens": 48,
    "requests_per_second": 2.1508991379045854,
    "tokens_per_second": 51.62157930971004
}