{
    "elapsed_time": 0.542340608080849,
    "num_requests": 8,
    "total_num_tokens": 192,
    "requests_per_second": 14.75087773402984,
    "tokens_per_second": 354.02106561671616
}