"Name","Calls","TotalDurationNs","AverageNs","Percentage","MinNs","MaxNs","StdDev"
"KERNEL_DISPATCH",22,6430294,292286.090909,82.47,2480,1890896,448464.007216
"MEMORY_COPY",11,1367051,124277.363636,17.53,5280,1295291,388386.392404
