"Name","Calls","TotalDurationNs","AverageNs","Percentage","MinNs","MaxNs","StdDev"
"MEMORY_COPY",10,1785771,178577.100000,87.87,5960,1703251,535738.091002
"KERNEL_DISPATCH",12,246442,20536.833333,12.13,2640,33480,12393.496981
