{
  "aq4": {
    "case_id": "aq4-full-mixed-prompt-bundle",
    "decode_tps": 81.344364,
    "end_to_end_tps": 35.092672,
    "final_top1_tokens": [
      24218,
      4105,
      329
    ],
    "prefill_tps": 67.314582,
    "vram_consumed_bytes": 4317257728
  },
  "candidate": {
    "artifact": "/tmp/ullm-sq-fp8-qkv-layer3-q32-k16-v32-policy-v0.1-artifact",
    "id": "sq-fp8-w8a16-r9700-v0-qkv-layer3-q32-k16-v32"
  },
  "interpretation": "q/k/v layer3 triple direct FP8 passes two prompts but fails strict top1 on case_a; keep as regression boundary, not promoted SQ policy.",
  "quality": {
    "per_prompt": [
      {
        "aq4_margin_over_sq_top1_in_aq4": 0.0,
        "aq4_top1": 24218,
        "aq4_top1_logit_in_aq4": 7.201347828,
        "aq4_top1_logit_in_sq": 7.10776329,
        "aq4_top1_rank_in_sq_top8": 1,
        "aq4_top8_tokens": [
          24218,
          41813,
          88110,
          14482,
          81395,
          61946,
          56374,
          60607
        ],
        "label": "len4",
        "prompt_token_ids": [
          1,
          2,
          3,
          4
        ],
        "sq_margin_over_aq4_top1_in_sq": 0.0,
        "sq_top1": 24218,
        "sq_top1_logit_in_aq4": 7.201347828,
        "sq_top1_logit_in_sq": 7.10776329,
        "sq_top1_rank_in_aq4_top8": 1,
        "sq_top8_tokens": [
          24218,
          41813,
          88110,
          14482,
          81395,
          56374,
          61946,
          59514
        ],
        "strict_top1_match": true,
        "top8_overlap_count": 7
      },
      {
        "aq4_margin_over_sq_top1_in_aq4": 0.017878532000000114,
        "aq4_top1": 4105,
        "aq4_top1_logit_in_aq4": 4.995436668,
        "aq4_top1_logit_in_sq": 5.069531441,
        "aq4_top1_rank_in_sq_top8": 2,
        "aq4_top8_tokens": [
          4105,
          5582,
          42228,
          513,
          200,
          1119,
          998,
          314
        ],
        "label": "case_a",
        "prompt_token_ids": [
          100,
          200,
          300,
          400,
          500,
          600,
          700,
          800
        ],
        "sq_margin_over_aq4_top1_in_sq": 0.0011224740000006506,
        "sq_top1": 5582,
        "sq_top1_logit_in_aq4": 4.977558136,
        "sq_top1_logit_in_sq": 5.070653915,
        "sq_top1_rank_in_aq4_top8": 2,
        "sq_top8_tokens": [
          5582,
          4105,
          42228,
          513,
          200,
          1119,
          998,
          314
        ],
        "strict_top1_match": false,
        "top8_overlap_count": 8
      },
      {
        "aq4_margin_over_sq_top1_in_aq4": 0.0,
        "aq4_top1": 329,
        "aq4_top1_logit_in_aq4": 4.806379318,
        "aq4_top1_logit_in_sq": 4.813218117,
        "aq4_top1_rank_in_sq_top8": 1,
        "aq4_top8_tokens": [
          329,
          933,
          8903,
          261,
          294,
          1547,
          334,
          627
        ],
        "label": "case_b",
        "prompt_token_ids": [
          42,
          314,
          2718,
          1618,
          12345,
          23456,
          34567,
          45678
        ],
        "sq_margin_over_aq4_top1_in_sq": 0.0,
        "sq_top1": 329,
        "sq_top1_logit_in_aq4": 4.806379318,
        "sq_top1_logit_in_sq": 4.813218117,
        "sq_top1_rank_in_aq4_top8": 1,
        "sq_top8_tokens": [
          329,
          933,
          8903,
          261,
          294,
          334,
          627,
          1547
        ],
        "strict_top1_match": true,
        "top8_overlap_count": 8
      }
    ],
    "strict_top1_all_match": false,
    "strict_top1_pass_count": 2,
    "strict_top1_total": 3
  },
  "run_id": "phase-t2-sq-fp8-full-mixed-qkv-triple-prompt-bundle-v1",
  "sq": {
    "case_id": "sq-qkv-layer3-full-mixed-prompt-bundle",
    "decode_tps": 79.538849,
    "end_to_end_tps": 31.7319,
    "final_top1_tokens": [
      24218,
      5582,
      329
    ],
    "prefill_tps": 60.207097,
    "sq_fp8_batch_matvec_count": 0,
    "sq_fp8_pair_matvec_count": 0,
    "sq_fp8_single_matvec_count": 0,
    "sq_fp8_triple_matvec_count": 23,
    "sq_projection_boundary": "triple",
    "vram_consumed_bytes": 4466266112
  },
  "workload": {
    "batch_size": 3,
    "decode_real_batch": true,
    "generated_tokens_per_request": [
      1,
      1,
      1
    ],
    "path": "manifest-all full mixed request-state",
    "prefill_real_batch": true,
    "prompt_bundle": [
      "len4",
      "case_a",
      "case_b"
    ],
    "prompt_tokens_per_request": [
      4,
      8,
      8
    ]
  }
}
