{
  "baseline_raw_report_json": "/tmp/ullm-sq-fp8-layers3-7-11-15-19-23-ogatedown-rowblock16-len4-v0.1/raw/baseline.json",
  "baseline_top1": 70114,
  "baseline_top_tokens": [
    70114,
    157558,
    199546,
    2026,
    61336,
    142037,
    212109,
    142071
  ],
  "baseline_verified": true,
  "case_count": 3,
  "cases": [
    {
      "artifact_dir": "/tmp/ullm-sq-fp8-layers3-7-11-15-19-23-ogatedown-rowblock16-len4-v0.1/artifacts/o",
      "baseline_top1": 70114,
      "baseline_top1_rank_in_sq_topk": 3,
      "baseline_top_tokens": [
        70114,
        157558,
        199546,
        2026,
        61336,
        142037,
        212109,
        142071
      ],
      "fp8_tensor_count": 6,
      "layer_load_ms": 12648.048259000001,
      "name": "o",
      "passthrough_tensor_count": 769,
      "raw_report_json": "/tmp/ullm-sq-fp8-layers3-7-11-15-19-23-ogatedown-rowblock16-len4-v0.1/raw/o.sq.json",
      "sq_top1": 157558,
      "sq_top1_minus_baseline_top1_logit": 0.14538335800170898,
      "sq_top_tokens": [
        157558,
        199546,
        70114,
        212109,
        61336,
        46276,
        2026,
        75556
      ],
      "top1_match": false,
      "topk_common": 6,
      "total_ms": 13690.149727,
      "verified": true
    },
    {
      "artifact_dir": "/tmp/ullm-sq-fp8-layers3-7-11-15-19-23-ogatedown-rowblock16-len4-v0.1/artifacts/gate",
      "baseline_top1": 70114,
      "baseline_top1_rank_in_sq_topk": 2,
      "baseline_top_tokens": [
        70114,
        157558,
        199546,
        2026,
        61336,
        142037,
        212109,
        142071
      ],
      "fp8_tensor_count": 6,
      "layer_load_ms": 33651.36804,
      "name": "gate",
      "passthrough_tensor_count": 769,
      "raw_report_json": "/tmp/ullm-sq-fp8-layers3-7-11-15-19-23-ogatedown-rowblock16-len4-v0.1/raw/gate.sq.json",
      "sq_top1": 157558,
      "sq_top1_minus_baseline_top1_logit": 0.24741458892822266,
      "sq_top_tokens": [
        157558,
        70114,
        2026,
        199546,
        61336,
        212109,
        142037,
        5191
      ],
      "top1_match": false,
      "topk_common": 7,
      "total_ms": 34633.40384499999,
      "verified": true
    },
    {
      "artifact_dir": "/tmp/ullm-sq-fp8-layers3-7-11-15-19-23-ogatedown-rowblock16-len4-v0.1/artifacts/down",
      "baseline_top1": 70114,
      "baseline_top1_rank_in_sq_topk": 3,
      "baseline_top_tokens": [
        70114,
        157558,
        199546,
        2026,
        61336,
        142037,
        212109,
        142071
      ],
      "fp8_tensor_count": 6,
      "layer_load_ms": 33387.865781,
      "name": "down",
      "passthrough_tensor_count": 769,
      "raw_report_json": "/tmp/ullm-sq-fp8-layers3-7-11-15-19-23-ogatedown-rowblock16-len4-v0.1/raw/down.sq.json",
      "sq_top1": 157558,
      "sq_top1_minus_baseline_top1_logit": 0.0747227668762207,
      "sq_top_tokens": [
        157558,
        199546,
        70114,
        61336,
        142037,
        2026,
        5191,
        212109
      ],
      "top1_match": false,
      "topk_common": 7,
      "total_ms": 34412.058508,
      "verified": true
    }
  ],
  "device_index": 2,
  "engine": "target/debug/ullm-engine",
  "layers": "3,7,11,15,19,23",
  "lm_head_chunk_rows": 4096,
  "package": "/tmp/ullm-quant-direct-package-fullpkg-qwen35-9b-p4p6-lmhead-aq4-g8-weighted-lmhead-calib32-proto.ullm.d",
  "scale_block_cols": 16,
  "scale_granularity": "row_block",
  "schema_version": "sq-fp8-overlay-logits-guard-result-v0.1",
  "source_model_dir": "/home/homelab1/datapool/ai_models/safetensors/Qwen/Qwen3.5-9B",
  "token_ids": "1,2,3,4",
  "top1_match_count": 0,
  "top_k": 8
}
