{
  "baseline_raw_report_json": "/tmp/ullm-sq-fp8-layers3-7-family-guard-v0.1/raw/baseline.json",
  "baseline_top1": 33604,
  "baseline_top_tokens": [
    33604,
    239469,
    103346,
    49290,
    80054,
    35188,
    239762,
    148443
  ],
  "baseline_verified": true,
  "case_count": 7,
  "cases": [
    {
      "artifact_dir": "/tmp/ullm-sq-fp8-layers3-7-family-guard-v0.1/artifacts/q",
      "baseline_top1": 33604,
      "baseline_top1_rank_in_sq_topk": 3,
      "baseline_top_tokens": [
        33604,
        239469,
        103346,
        49290,
        80054,
        35188,
        239762,
        148443
      ],
      "fp8_tensor_count": 2,
      "layer_load_ms": 6589.513054000001,
      "name": "q",
      "passthrough_tensor_count": 773,
      "raw_report_json": "/tmp/ullm-sq-fp8-layers3-7-family-guard-v0.1/raw/q.sq.json",
      "sq_top1": 239469,
      "sq_top1_minus_baseline_top1_logit": 0.04567146301269531,
      "sq_top_tokens": [
        239469,
        103346,
        33604,
        49290,
        239762,
        80054,
        146557,
        35188
      ],
      "top1_match": false,
      "topk_common": 7,
      "total_ms": 7323.588439,
      "verified": true
    },
    {
      "artifact_dir": "/tmp/ullm-sq-fp8-layers3-7-family-guard-v0.1/artifacts/k",
      "baseline_top1": 33604,
      "baseline_top1_rank_in_sq_topk": 1,
      "baseline_top_tokens": [
        33604,
        239469,
        103346,
        49290,
        80054,
        35188,
        239762,
        148443
      ],
      "fp8_tensor_count": 2,
      "layer_load_ms": 1318.7118369999998,
      "name": "k",
      "passthrough_tensor_count": 773,
      "raw_report_json": "/tmp/ullm-sq-fp8-layers3-7-family-guard-v0.1/raw/k.sq.json",
      "sq_top1": 33604,
      "sq_top1_minus_baseline_top1_logit": 0.0,
      "sq_top_tokens": [
        33604,
        239469,
        103346,
        49290,
        80054,
        35188,
        146557,
        239762
      ],
      "top1_match": true,
      "topk_common": 7,
      "total_ms": 2124.14485,
      "verified": true
    },
    {
      "artifact_dir": "/tmp/ullm-sq-fp8-layers3-7-family-guard-v0.1/artifacts/v",
      "baseline_top1": 33604,
      "baseline_top1_rank_in_sq_topk": 3,
      "baseline_top_tokens": [
        33604,
        239469,
        103346,
        49290,
        80054,
        35188,
        239762,
        148443
      ],
      "fp8_tensor_count": 2,
      "layer_load_ms": 1090.8028370000002,
      "name": "v",
      "passthrough_tensor_count": 773,
      "raw_report_json": "/tmp/ullm-sq-fp8-layers3-7-family-guard-v0.1/raw/v.sq.json",
      "sq_top1": 239469,
      "sq_top1_minus_baseline_top1_logit": 0.16549444198608398,
      "sq_top_tokens": [
        239469,
        239762,
        33604,
        146557,
        35188,
        49290,
        103346,
        148443
      ],
      "top1_match": false,
      "topk_common": 7,
      "total_ms": 1807.844078,
      "verified": true
    },
    {
      "artifact_dir": "/tmp/ullm-sq-fp8-layers3-7-family-guard-v0.1/artifacts/o",
      "baseline_top1": 33604,
      "baseline_top1_rank_in_sq_topk": 1,
      "baseline_top_tokens": [
        33604,
        239469,
        103346,
        49290,
        80054,
        35188,
        239762,
        148443
      ],
      "fp8_tensor_count": 2,
      "layer_load_ms": 3178.5968470000003,
      "name": "o",
      "passthrough_tensor_count": 773,
      "raw_report_json": "/tmp/ullm-sq-fp8-layers3-7-family-guard-v0.1/raw/o.sq.json",
      "sq_top1": 33604,
      "sq_top1_minus_baseline_top1_logit": 0.0,
      "sq_top_tokens": [
        33604,
        239469,
        49290,
        35188,
        80054,
        103346,
        239762,
        226053
      ],
      "top1_match": true,
      "topk_common": 7,
      "total_ms": 3892.78694,
      "verified": true
    },
    {
      "artifact_dir": "/tmp/ullm-sq-fp8-layers3-7-family-guard-v0.1/artifacts/gate",
      "baseline_top1": 33604,
      "baseline_top1_rank_in_sq_topk": 1,
      "baseline_top_tokens": [
        33604,
        239469,
        103346,
        49290,
        80054,
        35188,
        239762,
        148443
      ],
      "fp8_tensor_count": 2,
      "layer_load_ms": 9308.762306,
      "name": "gate",
      "passthrough_tensor_count": 773,
      "raw_report_json": "/tmp/ullm-sq-fp8-layers3-7-family-guard-v0.1/raw/gate.sq.json",
      "sq_top1": 33604,
      "sq_top1_minus_baseline_top1_logit": 0.0,
      "sq_top_tokens": [
        33604,
        103346,
        239469,
        80054,
        239762,
        35188,
        49290,
        148443
      ],
      "top1_match": true,
      "topk_common": 8,
      "total_ms": 10087.233538,
      "verified": true
    },
    {
      "artifact_dir": "/tmp/ullm-sq-fp8-layers3-7-family-guard-v0.1/artifacts/up",
      "baseline_top1": 33604,
      "baseline_top1_rank_in_sq_topk": 1,
      "baseline_top_tokens": [
        33604,
        239469,
        103346,
        49290,
        80054,
        35188,
        239762,
        148443
      ],
      "fp8_tensor_count": 2,
      "layer_load_ms": 9311.913416,
      "name": "up",
      "passthrough_tensor_count": 773,
      "raw_report_json": "/tmp/ullm-sq-fp8-layers3-7-family-guard-v0.1/raw/up.sq.json",
      "sq_top1": 33604,
      "sq_top1_minus_baseline_top1_logit": 0.0,
      "sq_top_tokens": [
        33604,
        103346,
        35188,
        239469,
        49290,
        80054,
        239762,
        148443
      ],
      "top1_match": true,
      "topk_common": 8,
      "total_ms": 10045.578387000001,
      "verified": true
    },
    {
      "artifact_dir": "/tmp/ullm-sq-fp8-layers3-7-family-guard-v0.1/artifacts/down",
      "baseline_top1": 33604,
      "baseline_top1_rank_in_sq_topk": 2,
      "baseline_top_tokens": [
        33604,
        239469,
        103346,
        49290,
        80054,
        35188,
        239762,
        148443
      ],
      "fp8_tensor_count": 2,
      "layer_load_ms": 10067.597596,
      "name": "down",
      "passthrough_tensor_count": 773,
      "raw_report_json": "/tmp/ullm-sq-fp8-layers3-7-family-guard-v0.1/raw/down.sq.json",
      "sq_top1": 103346,
      "sq_top1_minus_baseline_top1_logit": 0.03973245620727539,
      "sq_top_tokens": [
        103346,
        33604,
        239469,
        35188,
        49290,
        80054,
        239762,
        148443
      ],
      "top1_match": false,
      "topk_common": 8,
      "total_ms": 10853.95719,
      "verified": true
    }
  ],
  "device_index": 2,
  "engine": "target/debug/ullm-engine",
  "layers": "3,7",
  "lm_head_chunk_rows": 4096,
  "package": "/tmp/ullm-quant-direct-package-fullpkg-qwen35-9b-p4p6-lmhead-aq4-g8-weighted-lmhead-calib32-proto.ullm.d",
  "schema_version": "sq-fp8-overlay-logits-guard-result-v0.1",
  "source_model_dir": "/home/homelab1/datapool/ai_models/safetensors/Qwen/Qwen3.5-9B",
  "token_ids": "1,2,3,4",
  "top1_match_count": 4,
  "top_k": 8
}
