{
  "baseline_raw_report_json": "/tmp/ullm-sq-fp8-layers3-7-11-15-19-ogatedown-rowblock32-len4-v0.1/raw/baseline.json",
  "baseline_top1": 120026,
  "baseline_top_tokens": [
    120026,
    185375,
    55452,
    103652,
    33604,
    187677,
    205263,
    61336
  ],
  "baseline_verified": true,
  "case_count": 3,
  "cases": [
    {
      "artifact_dir": "/tmp/ullm-sq-fp8-layers3-7-11-15-19-ogatedown-rowblock32-len4-v0.1/artifacts/o",
      "baseline_top1": 120026,
      "baseline_top1_rank_in_sq_topk": 1,
      "baseline_top_tokens": [
        120026,
        185375,
        55452,
        103652,
        33604,
        187677,
        205263,
        61336
      ],
      "fp8_tensor_count": 5,
      "layer_load_ms": 10306.684991000002,
      "name": "o",
      "passthrough_tensor_count": 770,
      "raw_report_json": "/tmp/ullm-sq-fp8-layers3-7-11-15-19-ogatedown-rowblock32-len4-v0.1/raw/o.sq.json",
      "sq_top1": 120026,
      "sq_top1_minus_baseline_top1_logit": 0.0,
      "sq_top_tokens": [
        120026,
        55452,
        185375,
        33604,
        103652,
        187677,
        61336,
        205263
      ],
      "top1_match": true,
      "topk_common": 8,
      "total_ms": 11328.252156999999,
      "verified": true
    },
    {
      "artifact_dir": "/tmp/ullm-sq-fp8-layers3-7-11-15-19-ogatedown-rowblock32-len4-v0.1/artifacts/gate",
      "baseline_top1": 120026,
      "baseline_top1_rank_in_sq_topk": 1,
      "baseline_top_tokens": [
        120026,
        185375,
        55452,
        103652,
        33604,
        187677,
        205263,
        61336
      ],
      "fp8_tensor_count": 5,
      "layer_load_ms": 28221.993542,
      "name": "gate",
      "passthrough_tensor_count": 770,
      "raw_report_json": "/tmp/ullm-sq-fp8-layers3-7-11-15-19-ogatedown-rowblock32-len4-v0.1/raw/gate.sq.json",
      "sq_top1": 120026,
      "sq_top1_minus_baseline_top1_logit": 0.0,
      "sq_top_tokens": [
        120026,
        185375,
        55452,
        205263,
        103652,
        139958,
        33604,
        61336
      ],
      "top1_match": true,
      "topk_common": 7,
      "total_ms": 29155.368424,
      "verified": true
    },
    {
      "artifact_dir": "/tmp/ullm-sq-fp8-layers3-7-11-15-19-ogatedown-rowblock32-len4-v0.1/artifacts/down",
      "baseline_top1": 120026,
      "baseline_top1_rank_in_sq_topk": 1,
      "baseline_top_tokens": [
        120026,
        185375,
        55452,
        103652,
        33604,
        187677,
        205263,
        61336
      ],
      "fp8_tensor_count": 5,
      "layer_load_ms": 29204.618537000002,
      "name": "down",
      "passthrough_tensor_count": 770,
      "raw_report_json": "/tmp/ullm-sq-fp8-layers3-7-11-15-19-ogatedown-rowblock32-len4-v0.1/raw/down.sq.json",
      "sq_top1": 120026,
      "sq_top1_minus_baseline_top1_logit": 0.0,
      "sq_top_tokens": [
        120026,
        185375,
        103652,
        33604,
        55452,
        61336,
        187677,
        245472
      ],
      "top1_match": true,
      "topk_common": 7,
      "total_ms": 30179.716173,
      "verified": true
    }
  ],
  "device_index": 2,
  "engine": "target/debug/ullm-engine",
  "layers": "3,7,11,15,19",
  "lm_head_chunk_rows": 4096,
  "package": "/tmp/ullm-quant-direct-package-fullpkg-qwen35-9b-p4p6-lmhead-aq4-g8-weighted-lmhead-calib32-proto.ullm.d",
  "scale_block_cols": 32,
  "scale_granularity": "row_block",
  "schema_version": "sq-fp8-overlay-logits-guard-result-v0.1",
  "source_model_dir": "/home/homelab1/datapool/ai_models/safetensors/Qwen/Qwen3.5-9B",
  "token_ids": "1,2,3,4",
  "top1_match_count": 3,
  "top_k": 8
}
