{
  "baseline_raw_report_json": "/tmp/ullm-sq-fp8-layers3-7-risk-family-rowblock64-v0.1/raw/baseline.json",
  "baseline_top1": 33604,
  "baseline_top_tokens": [
    33604,
    239469,
    103346,
    49290,
    80054,
    35188,
    239762,
    148443
  ],
  "baseline_verified": true,
  "case_count": 3,
  "cases": [
    {
      "artifact_dir": "/tmp/ullm-sq-fp8-layers3-7-risk-family-rowblock64-v0.1/artifacts/q",
      "baseline_top1": 33604,
      "baseline_top1_rank_in_sq_topk": 3,
      "baseline_top_tokens": [
        33604,
        239469,
        103346,
        49290,
        80054,
        35188,
        239762,
        148443
      ],
      "fp8_tensor_count": 2,
      "layer_load_ms": 7814.47933,
      "name": "q",
      "passthrough_tensor_count": 773,
      "raw_report_json": "/tmp/ullm-sq-fp8-layers3-7-risk-family-rowblock64-v0.1/raw/q.sq.json",
      "sq_top1": 239469,
      "sq_top1_minus_baseline_top1_logit": 0.019916534423828125,
      "sq_top_tokens": [
        239469,
        103346,
        33604,
        49290,
        80054,
        239762,
        35188,
        146557
      ],
      "top1_match": false,
      "topk_common": 7,
      "total_ms": 8544.758088,
      "verified": true
    },
    {
      "artifact_dir": "/tmp/ullm-sq-fp8-layers3-7-risk-family-rowblock64-v0.1/artifacts/v",
      "baseline_top1": 33604,
      "baseline_top1_rank_in_sq_topk": 2,
      "baseline_top_tokens": [
        33604,
        239469,
        103346,
        49290,
        80054,
        35188,
        239762,
        148443
      ],
      "fp8_tensor_count": 2,
      "layer_load_ms": 1402.830833,
      "name": "v",
      "passthrough_tensor_count": 773,
      "raw_report_json": "/tmp/ullm-sq-fp8-layers3-7-risk-family-rowblock64-v0.1/raw/v.sq.json",
      "sq_top1": 239469,
      "sq_top1_minus_baseline_top1_logit": 0.07975959777832031,
      "sq_top_tokens": [
        239469,
        33604,
        239762,
        146557,
        49290,
        148443,
        80054,
        103346
      ],
      "top1_match": false,
      "topk_common": 7,
      "total_ms": 2195.141055,
      "verified": true
    },
    {
      "artifact_dir": "/tmp/ullm-sq-fp8-layers3-7-risk-family-rowblock64-v0.1/artifacts/down",
      "baseline_top1": 33604,
      "baseline_top1_rank_in_sq_topk": 1,
      "baseline_top_tokens": [
        33604,
        239469,
        103346,
        49290,
        80054,
        35188,
        239762,
        148443
      ],
      "fp8_tensor_count": 2,
      "layer_load_ms": 10849.737863,
      "name": "down",
      "passthrough_tensor_count": 773,
      "raw_report_json": "/tmp/ullm-sq-fp8-layers3-7-risk-family-rowblock64-v0.1/raw/down.sq.json",
      "sq_top1": 33604,
      "sq_top1_minus_baseline_top1_logit": 0.0,
      "sq_top_tokens": [
        33604,
        103346,
        239469,
        35188,
        49290,
        80054,
        239762,
        146557
      ],
      "top1_match": true,
      "topk_common": 7,
      "total_ms": 11589.726568,
      "verified": true
    }
  ],
  "device_index": 2,
  "engine": "target/debug/ullm-engine",
  "layers": "3,7",
  "lm_head_chunk_rows": 4096,
  "package": "/tmp/ullm-quant-direct-package-fullpkg-qwen35-9b-p4p6-lmhead-aq4-g8-weighted-lmhead-calib32-proto.ullm.d",
  "scale_block_cols": 64,
  "scale_granularity": "row_block",
  "schema_version": "sq-fp8-overlay-logits-guard-result-v0.1",
  "source_model_dir": "/home/homelab1/datapool/ai_models/safetensors/Qwen/Qwen3.5-9B",
  "token_ids": "1,2,3,4",
  "top1_match_count": 1,
  "top_k": 8
}
