{
  "baseline_raw_report_json": "/tmp/ullm-sq-fp8-layer23-family-rowblock32-len4-v0.1/raw/baseline.json",
  "baseline_top1": 108449,
  "baseline_top_tokens": [
    108449,
    139555,
    29487,
    107904,
    52837,
    141382,
    84785,
    15501
  ],
  "baseline_verified": true,
  "case_count": 6,
  "cases": [
    {
      "artifact_dir": "/tmp/ullm-sq-fp8-layer23-family-rowblock32-len4-v0.1/artifacts/q",
      "baseline_top1": 108449,
      "baseline_top1_rank_in_sq_topk": 2,
      "baseline_top_tokens": [
        108449,
        139555,
        29487,
        107904,
        52837,
        141382,
        84785,
        15501
      ],
      "fp8_tensor_count": 1,
      "layer_load_ms": 3926.6025010000003,
      "name": "q",
      "passthrough_tensor_count": 774,
      "raw_report_json": "/tmp/ullm-sq-fp8-layer23-family-rowblock32-len4-v0.1/raw/q.sq.json",
      "sq_top1": 139555,
      "sq_top1_minus_baseline_top1_logit": 0.06123924255371094,
      "sq_top_tokens": [
        139555,
        108449,
        29487,
        107904,
        52837,
        15501,
        161201,
        84785
      ],
      "top1_match": false,
      "topk_common": 7,
      "total_ms": 4652.974255,
      "verified": true
    },
    {
      "artifact_dir": "/tmp/ullm-sq-fp8-layer23-family-rowblock32-len4-v0.1/artifacts/k",
      "baseline_top1": 108449,
      "baseline_top1_rank_in_sq_topk": 1,
      "baseline_top_tokens": [
        108449,
        139555,
        29487,
        107904,
        52837,
        141382,
        84785,
        15501
      ],
      "fp8_tensor_count": 1,
      "layer_load_ms": 776.6454659999999,
      "name": "k",
      "passthrough_tensor_count": 774,
      "raw_report_json": "/tmp/ullm-sq-fp8-layer23-family-rowblock32-len4-v0.1/raw/k.sq.json",
      "sq_top1": 108449,
      "sq_top1_minus_baseline_top1_logit": 0.0,
      "sq_top_tokens": [
        108449,
        139555,
        29487,
        107904,
        52837,
        141382,
        161201,
        15501
      ],
      "top1_match": true,
      "topk_common": 7,
      "total_ms": 1531.077542,
      "verified": true
    },
    {
      "artifact_dir": "/tmp/ullm-sq-fp8-layer23-family-rowblock32-len4-v0.1/artifacts/o",
      "baseline_top1": 108449,
      "baseline_top1_rank_in_sq_topk": 1,
      "baseline_top_tokens": [
        108449,
        139555,
        29487,
        107904,
        52837,
        141382,
        84785,
        15501
      ],
      "fp8_tensor_count": 1,
      "layer_load_ms": 2311.231679,
      "name": "o",
      "passthrough_tensor_count": 774,
      "raw_report_json": "/tmp/ullm-sq-fp8-layer23-family-rowblock32-len4-v0.1/raw/o.sq.json",
      "sq_top1": 108449,
      "sq_top1_minus_baseline_top1_logit": 0.0,
      "sq_top_tokens": [
        108449,
        29487,
        139555,
        52837,
        107904,
        63616,
        166989,
        145316
      ],
      "top1_match": true,
      "topk_common": 5,
      "total_ms": 2990.204309,
      "verified": true
    },
    {
      "artifact_dir": "/tmp/ullm-sq-fp8-layer23-family-rowblock32-len4-v0.1/artifacts/gate",
      "baseline_top1": 108449,
      "baseline_top1_rank_in_sq_topk": 1,
      "baseline_top_tokens": [
        108449,
        139555,
        29487,
        107904,
        52837,
        141382,
        84785,
        15501
      ],
      "fp8_tensor_count": 1,
      "layer_load_ms": 5615.210247,
      "name": "gate",
      "passthrough_tensor_count": 774,
      "raw_report_json": "/tmp/ullm-sq-fp8-layer23-family-rowblock32-len4-v0.1/raw/gate.sq.json",
      "sq_top1": 108449,
      "sq_top1_minus_baseline_top1_logit": 0.0,
      "sq_top_tokens": [
        108449,
        139555,
        29487,
        107904,
        141382,
        232596,
        141985,
        52837
      ],
      "top1_match": true,
      "topk_common": 6,
      "total_ms": 6289.353046,
      "verified": true
    },
    {
      "artifact_dir": "/tmp/ullm-sq-fp8-layer23-family-rowblock32-len4-v0.1/artifacts/up",
      "baseline_top1": 108449,
      "baseline_top1_rank_in_sq_topk": 1,
      "baseline_top_tokens": [
        108449,
        139555,
        29487,
        107904,
        52837,
        141382,
        84785,
        15501
      ],
      "fp8_tensor_count": 1,
      "layer_load_ms": 5909.341976000001,
      "name": "up",
      "passthrough_tensor_count": 774,
      "raw_report_json": "/tmp/ullm-sq-fp8-layer23-family-rowblock32-len4-v0.1/raw/up.sq.json",
      "sq_top1": 108449,
      "sq_top1_minus_baseline_top1_logit": 0.0,
      "sq_top_tokens": [
        108449,
        139555,
        29487,
        52837,
        141382,
        84785,
        107904,
        15501
      ],
      "top1_match": true,
      "topk_common": 8,
      "total_ms": 6590.383076,
      "verified": true
    },
    {
      "artifact_dir": "/tmp/ullm-sq-fp8-layer23-family-rowblock32-len4-v0.1/artifacts/down",
      "baseline_top1": 108449,
      "baseline_top1_rank_in_sq_topk": 1,
      "baseline_top_tokens": [
        108449,
        139555,
        29487,
        107904,
        52837,
        141382,
        84785,
        15501
      ],
      "fp8_tensor_count": 1,
      "layer_load_ms": 5625.864376,
      "name": "down",
      "passthrough_tensor_count": 774,
      "raw_report_json": "/tmp/ullm-sq-fp8-layer23-family-rowblock32-len4-v0.1/raw/down.sq.json",
      "sq_top1": 108449,
      "sq_top1_minus_baseline_top1_logit": 0.0,
      "sq_top_tokens": [
        108449,
        139555,
        29487,
        107904,
        52837,
        15501,
        161201,
        141382
      ],
      "top1_match": true,
      "topk_common": 7,
      "total_ms": 6313.626871,
      "verified": true
    }
  ],
  "device_index": 2,
  "engine": "target/debug/ullm-engine",
  "layers": "23",
  "lm_head_chunk_rows": 4096,
  "package": "/tmp/ullm-quant-direct-package-fullpkg-qwen35-9b-p4p6-lmhead-aq4-g8-weighted-lmhead-calib32-proto.ullm.d",
  "scale_block_cols": 32,
  "scale_granularity": "row_block",
  "schema_version": "sq-fp8-overlay-logits-guard-result-v0.1",
  "source_model_dir": "/home/homelab1/datapool/ai_models/safetensors/Qwen/Qwen3.5-9B",
  "token_ids": "1,2,3,4",
  "top1_match_count": 5,
  "top_k": 8
}
